product_id,product_name,category,brand,price,stock,created_at,updated_at
1,Keyboard,Accessories,Dell,25794.0,430,2026-08-06 16:23:24.603283,2026-08-06 16:23:24.603283
2,Headphones,Accessories,Sony,45975.0,115,2026-08-06 16:23:25.587990,2026-08-06 16:23:25.587990
3,Laptop,Electronics,HP,94579.0,380,2026-08-06 16:23:26.862629,2026-08-06 16:23:26.862629
4,Laptop,Electronics,HP,73090.0,302,2026-08-06 16:23:27.817709,2026-08-06 16:23:27.817709
5,Laptop,Electronics,HP,32296.0,419,2026-08-06 16:23:28.811765,2026-08-06 16:23:28.811765
6,Headphones,Accessories,Sony,18719.0,75,2026-08-06 16:23:29.647156,2026-08-06 16:23:29.647156
7,Printer,Electronics,Canon,83583.0,101,2026-08-06 16:23:30.622797,2026-08-06 16:23:30.622797
8,Camera,Electronics,Nikon,47807.0,465,2026-08-06 16:23:31.765000,2026-08-06 16:23:31.765000
9,Tablet,Electronics,Lenovo,83912.0,209,2026-08-06 16:23:32.722236,2026-08-06 16:23:32.722236
10,Headphones,Accessories,Sony,63922.0,400,2026-08-06 16:23:34.067392,2026-08-06 16:23:34.067392
11,Printer,Electronics,Canon,41432.0,71,2026-08-06 16:23:35.077403,2026-08-06 16:23:35.077403
12,Mouse,Accessories,Logitech,37759.0,259,2026-08-06 16:23:36.387961,2026-08-06 16:23:36.387961
13,Keyboard,Accessories,Dell,92409.0,413,2026-08-06 16:23:37.482887,2026-08-06 16:23:37.482887
14,Printer,Electronics,Canon,24713.0,35,2026-08-06 16:23:38.807492,2026-08-06 16:23:38.807492
15,Keyboard,Accessories,Dell,5623.0,329,2026-08-06 16:23:40.082665,2026-08-06 16:23:40.082665
16,Mouse,Accessories,Logitech,47831.0,405,2026-08-06 16:23:41.032579,2026-08-06 16:23:41.032579
17,Mouse,Accessories,Logitech,86973.0,168,2026-08-06 16:23:42.297500,2026-08-06 16:23:42.297500
18,Tablet,Electronics,Lenovo,50744.0,403,2026-08-06 16:23:43.435359,2026-08-06 16:23:43.435359
19,Monitor,Electronics,LG,15296.0,307,2026-08-06 16:23:44.562707,2026-08-06 16:23:44.562707
20,Smartphone,Electronics,Samsung,75898.0,360,2026-08-06 16:23:45.757300,2026-08-06 16:23:45.757300
21,Keyboard,Accessories,Dell,90518.0,24,2026-08-06 16:23:46.894935,2026-08-06 16:23:46.894935
22,Smartphone,Electronics,Samsung,49159.0,347,2026-08-06 16:23:48.032330,2026-08-06 16:23:48.032330
23,Smart Watch,Electronics,Apple,25543.0,173,2026-08-06 16:23:49.284423,2026-08-06 16:23:49.284423
24,Smart Watch,Electronics,Apple,8403.0,267,2026-08-06 16:23:50.127490,2026-08-06 16:23:50.127490
25,Keyboard,Accessories,Dell,5227.0,136,2026-08-06 16:23:51.572671,2026-08-06 16:23:51.572671
26,Tablet,Electronics,Lenovo,50138.0,344,2026-08-06 16:23:52.617033,2026-08-06 16:23:52.617033
27,Smartphone,Electronics,Samsung,77319.0,43,2026-08-06 16:23:53.612574,2026-08-06 16:23:53.612574
28,Camera,Electronics,Nikon,20071.0,135,2026-08-06 16:23:54.607446,2026-08-06 16:23:54.607446
29,Keyboard,Accessories,Dell,22314.0,13,2026-08-06 16:23:55.622413,2026-08-06 16:23:55.622413
30,Mouse,Accessories,Logitech,84588.0,495,2026-08-06 16:23:56.609836,2026-08-06 16:23:56.609836
31,Smartphone,Electronics,Samsung,29080.0,430,2026-08-06 16:23:57.437638,2026-08-06 16:23:57.437638
32,Keyboard,Accessories,Dell,36824.0,344,2026-08-06 16:23:58.252580,2026-08-06 16:23:58.252580
33,Tablet,Electronics,Lenovo,94647.0,144,2026-08-06 16:23:59.313830,2026-08-06 16:23:59.313830
34,Keyboard,Accessories,Dell,24737.0,440,2026-08-06 16:24:00.380285,2026-08-06 16:24:00.380285
35,Keyboard,Accessories,Dell,26589.0,282,2026-08-06 16:24:01.417624,2026-08-06 16:24:01.417624
36,Printer,Electronics,Canon,77719.0,89,2026-08-06 16:24:02.547472,2026-08-06 16:24:02.547472
37,Laptop,Electronics,HP,96703.0,391,2026-08-06 16:24:03.454093,2026-08-06 16:24:03.454093
38,Keyboard,Accessories,Dell,803.0,94,2026-08-06 16:24:04.432653,2026-08-06 16:24:04.432653
39,Printer,Electronics,Canon,84298.0,264,2026-08-06 16:24:05.457570,2026-08-06 16:24:05.457570
40,Laptop,Electronics,HP,40632.0,372,2026-08-06 16:24:06.382039,2026-08-06 16:24:06.382039
41,Printer,Electronics,Canon,72979.0,202,2026-08-06 16:24:07.682419,2026-08-06 16:24:07.682419
42,Mouse,Accessories,Logitech,81894.0,111,2026-08-06 16:24:08.744469,2026-08-06 16:24:08.744469
43,Smartphone,Electronics,Samsung,6641.0,430,2026-08-06 16:24:09.692567,2026-08-06 16:24:09.692567
44,Printer,Electronics,Canon,22515.0,378,2026-08-06 16:24:10.672470,2026-08-06 16:24:10.672470
45,Tablet,Electronics,Lenovo,11410.0,402,2026-08-06 16:24:11.917402,2026-08-06 16:24:11.917402
46,Printer,Electronics,Canon,49745.0,246,2026-08-06 16:24:12.982696,2026-08-06 16:24:12.982696
47,Mouse,Accessories,Logitech,63065.0,397,2026-08-06 16:24:14.011871,2026-08-06 16:24:14.011871
48,Smart Watch,Electronics,Apple,96491.0,302,2026-08-06 16:24:15.012855,2026-08-06 16:24:15.012855
49,Smartphone,Electronics,Samsung,74564.0,469,2026-08-06 16:24:16.047883,2026-08-06 16:24:16.047883
50,Smart Watch,Electronics,Apple,14382.0,273,2026-08-06 16:24:17.042401,2026-08-06 16:24:17.042401
51,Monitor,Electronics,LG,60124.0,458,2026-08-06 16:24:18.317779,2026-08-06 16:24:18.317779
52,Camera,Electronics,Nikon,62908.0,35,2026-08-06 16:24:19.382639,2026-08-06 16:24:19.382639
53,Printer,Electronics,Canon,67387.0,352,2026-08-06 16:24:20.432494,2026-08-06 16:24:20.432494
54,Headphones,Accessories,Sony,7086.0,26,2026-08-06 16:24:21.518605,2026-08-06 16:24:21.518605
55,Camera,Electronics,Nikon,41099.0,143,2026-08-06 16:24:22.947199,2026-08-06 16:24:22.947199
56,Keyboard,Accessories,Dell,6864.0,64,2026-08-06 16:24:24.338757,2026-08-06 16:24:24.338757
57,Printer,Electronics,Canon,27244.0,384,2026-08-06 16:24:25.387205,2026-08-06 16:24:25.387205
58,Smartphone,Electronics,Samsung,19585.0,275,2026-08-06 16:24:26.457852,2026-08-06 16:24:26.457852
59,Mouse,Accessories,Logitech,36237.0,347,2026-08-06 16:24:27.432618,2026-08-06 16:24:27.432618
60,Monitor,Electronics,LG,22852.0,195,2026-08-06 16:24:28.507449,2026-08-06 16:24:28.507449
61,Laptop,Electronics,HP,82628.0,86,2026-08-06 16:24:29.533914,2026-08-06 16:24:29.533914
62,Smartphone,Electronics,Samsung,62988.0,333,2026-08-06 16:24:30.847068,2026-08-06 16:24:30.847068
63,Tablet,Electronics,Lenovo,70340.0,391,2026-08-06 16:24:31.962638,2026-08-06 16:24:31.962638
64,Mouse,Accessories,Logitech,34418.0,80,2026-08-06 16:24:33.334999,2026-08-06 16:24:33.334999
65,Mouse,Accessories,Logitech,30270.0,333,2026-08-06 16:24:34.522549,2026-08-06 16:24:34.522549
66,Laptop,Electronics,HP,14484.0,53,2026-08-06 16:24:35.449499,2026-08-06 16:24:35.449499
67,Camera,Electronics,Nikon,25976.0,192,2026-08-06 16:24:36.327112,2026-08-06 16:24:36.327112
68,Smart Watch,Electronics,Apple,68098.0,225,2026-08-06 16:24:37.127664,2026-08-06 16:24:37.127664
69,Camera,Electronics,Nikon,11060.0,62,2026-08-06 16:24:38.171090,2026-08-06 16:24:38.171090
70,Printer,Electronics,Canon,55155.0,167,2026-08-06 16:24:39.281914,2026-08-06 16:24:39.281914
71,Printer,Electronics,Canon,23439.0,180,2026-08-06 16:24:40.259276,2026-08-06 16:24:40.259276
72,Laptop,Electronics,HP,32973.0,179,2026-08-06 16:24:41.294631,2026-08-06 16:24:41.294631
73,Smart Watch,Electronics,Apple,88343.0,292,2026-08-06 16:24:42.441941,2026-08-06 16:24:42.441941
74,Keyboard,Accessories,Dell,43652.0,35,2026-08-06 16:24:43.351785,2026-08-06 16:24:43.351785
75,Headphones,Accessories,Sony,61017.0,261,2026-08-06 16:24:44.572836,2026-08-06 16:24:44.572836
76,Keyboard,Accessories,Dell,72658.0,394,2026-08-06 16:24:46.002799,2026-08-06 16:24:46.002799
77,Camera,Electronics,Nikon,20732.0,401,2026-08-06 16:24:47.112865,2026-08-06 16:24:47.112865
78,Smart Watch,Electronics,Apple,41655.0,75,2026-08-06 16:24:48.192448,2026-08-06 16:24:48.192448
79,Headphones,Accessories,Sony,52960.0,382,2026-08-06 16:24:49.544220,2026-08-06 16:24:49.544220
80,Smartphone,Electronics,Samsung,95613.0,462,2026-08-06 16:24:50.499251,2026-08-06 16:24:50.499251
81,Laptop,Electronics,HP,3189.0,186,2026-08-06 16:24:51.782033,2026-08-06 16:24:51.782033
82,Laptop,Electronics,HP,97697.0,81,2026-08-06 16:24:53.532760,2026-08-06 16:24:53.532760
83,Smart Watch,Electronics,Apple,2489.0,83,2026-08-06 16:24:54.362208,2026-08-06 16:24:54.362208
84,Headphones,Accessories,Sony,11750.0,233,2026-08-06 16:24:55.562394,2026-08-06 16:24:55.562394
85,Keyboard,Accessories,Dell,34220.0,429,2026-08-06 16:24:56.560013,2026-08-06 16:24:56.560013
86,Headphones,Accessories,Sony,9344.0,61,2026-08-06 16:24:57.692535,2026-08-06 16:24:57.692535
87,Smart Watch,Electronics,Apple,46922.0,251,2026-08-06 16:24:58.767626,2026-08-06 16:24:58.767626
88,Smart Watch,Electronics,Apple,49357.0,417,2026-08-06 16:24:59.702650,2026-08-06 16:24:59.702650
89,Keyboard,Accessories,Dell,29104.0,413,2026-08-06 16:25:00.832832,2026-08-06 16:25:00.832832
90,Headphones,Accessories,Sony,41320.0,82,2026-08-06 16:25:02.194818,2026-08-06 16:25:02.194818
91,Headphones,Accessories,Sony,82112.0,493,2026-08-06 16:25:03.076861,2026-08-06 16:25:03.076861
92,Keyboard,Accessories,Dell,59803.0,303,2026-08-06 16:25:04.562298,2026-08-06 16:25:04.562298
93,Keyboard,Accessories,Dell,50781.0,271,2026-08-06 16:25:05.767722,2026-08-06 16:25:05.767722
94,Smartphone,Electronics,Samsung,31614.0,24,2026-08-06 16:25:07.033112,2026-08-06 16:25:07.033112
95,Camera,Electronics,Nikon,21555.0,430,2026-08-06 16:25:08.592514,2026-08-06 16:25:08.592514
96,Headphones,Accessories,Sony,54500.0,352,2026-08-06 16:25:09.972490,2026-08-06 16:25:09.972490
97,Monitor,Electronics,LG,5117.0,210,2026-08-06 16:25:10.997332,2026-08-06 16:25:10.997332
98,Camera,Electronics,Nikon,93610.0,206,2026-08-06 16:25:12.060076,2026-08-06 16:25:12.060076
99,Camera,Electronics,Nikon,58546.0,346,2026-08-06 16:25:13.077980,2026-08-06 16:25:13.077980
100,Smart Watch,Electronics,Apple,66109.0,40,2026-08-06 16:25:14.056920,2026-08-06 16:25:14.056920
101,Mouse,Accessories,Logitech,56468.0,378,2026-08-06 16:25:15.047654,2026-08-06 16:25:15.047654
102,Tablet,Electronics,Lenovo,89599.0,403,2026-08-06 16:25:16.274982,2026-08-06 16:25:16.274982
103,Tablet,Electronics,Lenovo,56141.0,257,2026-08-06 16:25:17.772553,2026-08-06 16:25:17.772553
104,Keyboard,Accessories,Dell,51380.0,487,2026-08-06 16:25:18.772404,2026-08-06 16:25:18.772404
105,Monitor,Electronics,LG,70046.0,210,2026-08-06 16:25:19.632777,2026-08-06 16:25:19.632777
106,Smartphone,Electronics,Samsung,92826.0,181,2026-08-06 16:25:20.642337,2026-08-06 16:25:20.642337
107,Smartphone,Electronics,Samsung,35818.0,115,2026-08-06 16:25:21.677162,2026-08-06 16:25:21.677162
108,Mouse,Accessories,Logitech,94472.0,367,2026-08-06 16:25:22.772433,2026-08-06 16:25:22.772433
109,Headphones,Accessories,Sony,28600.0,340,2026-08-06 16:25:23.922341,2026-08-06 16:25:23.922341
110,Printer,Electronics,Canon,92142.0,451,2026-08-06 16:25:24.932554,2026-08-06 16:25:24.932554
111,Keyboard,Accessories,Dell,17707.0,427,2026-08-06 16:25:26.147966,2026-08-06 16:25:26.147966
112,Mouse,Accessories,Logitech,18092.0,13,2026-08-06 16:25:27.077664,2026-08-06 16:25:27.077664
113,Monitor,Electronics,LG,52536.0,459,2026-08-06 16:25:28.062399,2026-08-06 16:25:28.062399
114,Laptop,Electronics,HP,30187.0,318,2026-08-06 16:25:29.232561,2026-08-06 16:25:29.232561
115,Tablet,Electronics,Lenovo,20383.0,66,2026-08-06 16:25:30.312953,2026-08-06 16:25:30.312953
116,Keyboard,Accessories,Dell,77440.0,445,2026-08-06 16:25:31.202486,2026-08-06 16:25:31.202486
117,Monitor,Electronics,LG,55331.0,366,2026-08-06 16:25:32.296997,2026-08-06 16:25:32.296997
118,Headphones,Accessories,Sony,82965.0,143,2026-08-06 16:25:33.127179,2026-08-06 16:25:33.127179
119,Smartphone,Electronics,Samsung,60586.0,266,2026-08-06 16:25:34.304294,2026-08-06 16:25:34.304294
120,Laptop,Electronics,HP,52800.0,41,2026-08-06 16:25:35.698061,2026-08-06 16:25:35.698061
121,Smart Watch,Electronics,Apple,88426.0,192,2026-08-06 16:25:36.712039,2026-08-06 16:25:36.712039
122,Mouse,Accessories,Logitech,21394.0,122,2026-08-06 16:25:38.314690,2026-08-06 16:25:38.314690
123,Tablet,Electronics,Lenovo,22646.0,352,2026-08-06 16:25:39.433396,2026-08-06 16:25:39.433396
124,Tablet,Electronics,Lenovo,8036.0,444,2026-08-06 16:25:40.617649,2026-08-06 16:25:40.617649
125,Camera,Electronics,Nikon,74420.0,355,2026-08-06 16:25:41.824563,2026-08-06 16:25:41.824563
126,Laptop,Electronics,HP,34559.0,463,2026-08-06 16:25:43.117265,2026-08-06 16:25:43.117265
127,Headphones,Accessories,Sony,15997.0,284,2026-08-06 16:25:44.602389,2026-08-06 16:25:44.602389
128,Monitor,Electronics,LG,44699.0,69,2026-08-06 16:25:45.832455,2026-08-06 16:25:45.832455
129,Smartphone,Electronics,Samsung,23710.0,59,2026-08-06 16:25:47.302553,2026-08-06 16:25:47.302553
130,Printer,Electronics,Canon,39789.0,317,2026-08-06 16:25:48.547845,2026-08-06 16:25:48.547845
131,Camera,Electronics,Nikon,82019.0,23,2026-08-06 16:25:49.661949,2026-08-06 16:25:49.661949
132,Smart Watch,Electronics,Apple,47411.0,278,2026-08-06 16:25:51.101938,2026-08-06 16:25:51.101938
133,Laptop,Electronics,HP,4305.0,438,2026-08-06 16:25:52.182260,2026-08-06 16:25:52.182260
134,Monitor,Electronics,LG,84680.0,87,2026-08-06 16:25:53.244747,2026-08-06 16:25:53.244747
135,Keyboard,Accessories,Dell,31723.0,374,2026-08-06 16:25:54.447574,2026-08-06 16:25:54.447574
136,Mouse,Accessories,Logitech,71831.0,495,2026-08-06 16:25:55.637074,2026-08-06 16:25:55.637074
137,Keyboard,Accessories,Dell,76105.0,270,2026-08-06 16:25:57.017711,2026-08-06 16:25:57.017711
138,Tablet,Electronics,Lenovo,26961.0,267,2026-08-06 16:25:58.142864,2026-08-06 16:25:58.142864
139,Printer,Electronics,Canon,43857.0,484,2026-08-06 16:25:59.032150,2026-08-06 16:25:59.032150
140,Smartphone,Electronics,Samsung,79099.0,249,2026-08-06 16:25:59.977084,2026-08-06 16:25:59.977084
141,Laptop,Electronics,HP,79232.0,326,2026-08-06 16:26:01.324957,2026-08-06 16:26:01.324957
142,Smart Watch,Electronics,Apple,71841.0,481,2026-08-06 16:26:02.392563,2026-08-06 16:26:02.392563
143,Tablet,Electronics,Lenovo,31481.0,468,2026-08-06 16:26:03.882040,2026-08-06 16:26:03.882040
144,Headphones,Accessories,Sony,33519.0,164,2026-08-06 16:26:05.142687,2026-08-06 16:26:05.142687
145,Smartphone,Electronics,Samsung,30730.0,226,2026-08-06 16:26:06.035275,2026-08-06 16:26:06.035275
146,Monitor,Electronics,LG,16799.0,475,2026-08-06 16:26:06.922541,2026-08-06 16:26:06.922541
147,Tablet,Electronics,Lenovo,16363.0,443,2026-08-06 16:26:08.017026,2026-08-06 16:26:08.017026
148,Smartphone,Electronics,Samsung,57048.0,366,2026-08-06 16:26:08.907458,2026-08-06 16:26:08.907458
149,Headphones,Accessories,Sony,30538.0,261,2026-08-06 16:26:09.822102,2026-08-06 16:26:09.822102
150,Mouse,Accessories,Logitech,99889.0,177,2026-08-06 16:26:11.072041,2026-08-06 16:26:11.072041
151,Smart Watch,Electronics,Apple,9502.0,275,2026-08-06 16:26:12.504364,2026-08-06 16:26:12.504364
152,Smart Watch,Electronics,Apple,80078.0,168,2026-08-06 16:26:13.644677,2026-08-06 16:26:13.644677
153,Mouse,Accessories,Logitech,33581.0,374,2026-08-06 16:26:14.882891,2026-08-06 16:26:14.882891
154,Keyboard,Accessories,Dell,48659.0,194,2026-08-06 16:26:15.919406,2026-08-06 16:26:15.919406
155,Printer,Electronics,Canon,40732.0,109,2026-08-06 16:26:16.937536,2026-08-06 16:26:16.937536
156,Monitor,Electronics,LG,94190.0,434,2026-08-06 16:26:18.094574,2026-08-06 16:26:18.094574
157,Headphones,Accessories,Sony,27889.0,229,2026-08-06 16:26:19.737939,2026-08-06 16:26:19.737939
158,Keyboard,Accessories,Dell,11230.0,479,2026-08-06 16:26:20.877181,2026-08-06 16:26:20.877181
159,Printer,Electronics,Canon,59658.0,219,2026-08-06 16:26:22.122065,2026-08-06 16:26:22.122065
160,Laptop,Electronics,HP,6663.0,419,2026-08-06 16:26:23.222302,2026-08-06 16:26:23.222302
161,Laptop,Electronics,HP,51957.0,322,2026-08-06 16:26:24.442364,2026-08-06 16:26:24.442364
162,Smartphone,Electronics,Samsung,36418.0,190,2026-08-06 16:26:25.580143,2026-08-06 16:26:25.580143
163,Monitor,Electronics,LG,45201.0,59,2026-08-06 16:26:26.447670,2026-08-06 16:26:26.447670
164,Printer,Electronics,Canon,70081.0,281,2026-08-06 16:26:27.557543,2026-08-06 16:26:27.557543
165,Laptop,Electronics,HP,65796.0,162,2026-08-06 16:26:28.497853,2026-08-06 16:26:28.497853
166,Laptop,Electronics,HP,66925.0,124,2026-08-06 16:26:29.352012,2026-08-06 16:26:29.352012
167,Tablet,Electronics,Lenovo,7241.0,112,2026-08-06 16:26:30.437878,2026-08-06 16:26:30.437878
168,Printer,Electronics,Canon,71744.0,215,2026-08-06 16:26:31.347442,2026-08-06 16:26:31.347442
169,Printer,Electronics,Canon,5874.0,94,2026-08-06 16:26:32.162611,2026-08-06 16:26:32.162611
170,Printer,Electronics,Canon,48039.0,378,2026-08-06 16:26:33.093006,2026-08-06 16:26:33.093006
171,Camera,Electronics,Nikon,85021.0,424,2026-08-06 16:26:34.212334,2026-08-06 16:26:34.212334
172,Camera,Electronics,Nikon,35373.0,437,2026-08-06 16:26:35.094510,2026-08-06 16:26:35.094510
173,Smart Watch,Electronics,Apple,46672.0,387,2026-08-06 16:26:36.167444,2026-08-06 16:26:36.167444
174,Smartphone,Electronics,Samsung,19978.0,257,2026-08-06 16:26:37.120110,2026-08-06 16:26:37.120110
175,Laptop,Electronics,HP,9528.0,458,2026-08-06 16:26:38.302913,2026-08-06 16:26:38.302913
176,Smartphone,Electronics,Samsung,52766.0,197,2026-08-06 16:26:39.202261,2026-08-06 16:26:39.202261
177,Keyboard,Accessories,Dell,64034.0,119,2026-08-06 16:26:40.212666,2026-08-06 16:26:40.212666
178,Printer,Electronics,Canon,48605.0,373,2026-08-06 16:26:41.435157,2026-08-06 16:26:41.435157
179,Headphones,Accessories,Sony,67322.0,290,2026-08-06 16:26:42.639487,2026-08-06 16:26:42.639487
180,Tablet,Electronics,Lenovo,31246.0,322,2026-08-06 16:26:43.707009,2026-08-06 16:26:43.707009
181,Tablet,Electronics,Lenovo,47157.0,490,2026-08-06 16:26:44.796947,2026-08-06 16:26:44.796947
182,Keyboard,Accessories,Dell,49073.0,20,2026-08-06 16:26:45.847803,2026-08-06 16:26:45.847803
183,Monitor,Electronics,LG,47859.0,419,2026-08-06 16:26:46.889921,2026-08-06 16:26:46.889921
184,Camera,Electronics,Nikon,15471.0,305,2026-08-06 16:26:48.052386,2026-08-06 16:26:48.052386
185,Mouse,Accessories,Logitech,53538.0,147,2026-08-06 16:26:49.167559,2026-08-06 16:26:49.167559
186,Camera,Electronics,Nikon,82157.0,397,2026-08-06 16:26:50.547403,2026-08-06 16:26:50.547403
187,Laptop,Electronics,HP,71864.0,70,2026-08-06 16:26:51.566726,2026-08-06 16:26:51.566726
188,Keyboard,Accessories,Dell,6358.0,64,2026-08-06 16:26:52.477534,2026-08-06 16:26:52.477534
189,Mouse,Accessories,Logitech,93308.0,211,2026-08-06 16:26:53.316943,2026-08-06 16:26:53.316943
190,Headphones,Accessories,Sony,74433.0,248,2026-08-06 16:26:54.107558,2026-08-06 16:26:54.107558
191,Mouse,Accessories,Logitech,29287.0,259,2026-08-06 16:26:55.370041,2026-08-06 16:26:55.370041
192,Printer,Electronics,Canon,3933.0,462,2026-08-06 16:26:56.497359,2026-08-06 16:26:56.497359
193,Headphones,Accessories,Sony,42865.0,105,2026-08-06 16:26:57.457704,2026-08-06 16:26:57.457704
194,Keyboard,Accessories,Dell,8495.0,437,2026-08-06 16:26:58.282362,2026-08-06 16:26:58.282362
195,Monitor,Electronics,LG,95342.0,463,2026-08-06 16:26:59.242860,2026-08-06 16:26:59.242860
196,Camera,Electronics,Nikon,80572.0,192,2026-08-06 16:27:00.167749,2026-08-06 16:27:00.167749
197,Tablet,Electronics,Lenovo,80759.0,333,2026-08-06 16:27:01.362623,2026-08-06 16:27:01.362623
198,Smartphone,Electronics,Samsung,13392.0,179,2026-08-06 16:27:02.505267,2026-08-06 16:27:02.505267
199,Keyboard,Accessories,Dell,40995.0,461,2026-08-06 16:27:03.545181,2026-08-06 16:27:03.545181
200,Monitor,Electronics,LG,13417.0,173,2026-08-06 16:27:04.452240,2026-08-06 16:27:04.452240
201,Smart Watch,Electronics,Apple,62255.0,385,2026-08-06 16:27:05.319712,2026-08-06 16:27:05.319712
202,Monitor,Electronics,LG,93037.0,67,2026-08-06 16:27:06.512276,2026-08-06 16:27:06.512276
203,Printer,Electronics,Canon,33843.0,305,2026-08-06 16:27:07.307360,2026-08-06 16:27:07.307360
204,Headphones,Accessories,Sony,57403.0,269,2026-08-06 16:27:08.442704,2026-08-06 16:27:08.442704
205,Smartphone,Electronics,Samsung,49387.0,477,2026-08-06 16:27:09.667717,2026-08-06 16:27:09.667717
206,Keyboard,Accessories,Dell,85550.0,256,2026-08-06 16:27:10.752482,2026-08-06 16:27:10.752482
207,Camera,Electronics,Nikon,19821.0,102,2026-08-06 16:27:11.727351,2026-08-06 16:27:11.727351
208,Headphones,Accessories,Sony,26298.0,292,2026-08-06 16:27:12.932599,2026-08-06 16:27:12.932599
209,Headphones,Accessories,Sony,68958.0,282,2026-08-06 16:27:14.007004,2026-08-06 16:27:14.007004
210,Printer,Electronics,Canon,95113.0,323,2026-08-06 16:27:14.912573,2026-08-06 16:27:14.912573
211,Laptop,Electronics,HP,21664.0,378,2026-08-06 16:27:15.823958,2026-08-06 16:27:15.823958
212,Mouse,Accessories,Logitech,22067.0,434,2026-08-06 16:27:16.567197,2026-08-06 16:27:16.567197
213,Smartphone,Electronics,Samsung,82386.0,206,2026-08-06 16:27:17.562550,2026-08-06 16:27:17.562550
214,Printer,Electronics,Canon,35884.0,182,2026-08-06 16:27:18.583338,2026-08-06 16:27:18.583338
215,Smart Watch,Electronics,Apple,17118.0,303,2026-08-06 16:27:19.497490,2026-08-06 16:27:19.497490
216,Monitor,Electronics,LG,72406.0,450,2026-08-06 16:27:20.538638,2026-08-06 16:27:20.538638
217,Camera,Electronics,Nikon,40635.0,84,2026-08-06 16:27:21.672198,2026-08-06 16:27:21.672198
218,Smart Watch,Electronics,Apple,25652.0,164,2026-08-06 16:27:22.802018,2026-08-06 16:27:22.802018
219,Smartphone,Electronics,Samsung,55429.0,270,2026-08-06 16:27:23.743744,2026-08-06 16:27:23.743744
220,Mouse,Accessories,Logitech,85484.0,476,2026-08-06 16:27:24.937397,2026-08-06 16:27:24.937397
221,Mouse,Accessories,Logitech,14515.0,184,2026-08-06 16:27:25.861903,2026-08-06 16:27:25.861903
222,Tablet,Electronics,Lenovo,84936.0,114,2026-08-06 16:27:27.133487,2026-08-06 16:27:27.133487
223,Monitor,Electronics,LG,19704.0,364,2026-08-06 16:27:28.243767,2026-08-06 16:27:28.243767
224,Camera,Electronics,Nikon,23164.0,397,2026-08-06 16:27:29.447692,2026-08-06 16:27:29.447692
225,Tablet,Electronics,Lenovo,61969.0,198,2026-08-06 16:27:30.442635,2026-08-06 16:27:30.442635
226,Printer,Electronics,Canon,74259.0,319,2026-08-06 16:27:31.667960,2026-08-06 16:27:31.667960
227,Monitor,Electronics,LG,65249.0,72,2026-08-06 16:27:32.882448,2026-08-06 16:27:32.882448
228,Headphones,Accessories,Sony,67583.0,131,2026-08-06 16:27:33.875964,2026-08-06 16:27:33.875964
229,Monitor,Electronics,LG,17759.0,150,2026-08-06 16:27:35.177873,2026-08-06 16:27:35.177873
230,Mouse,Accessories,Logitech,87718.0,243,2026-08-06 16:27:37.607464,2026-08-06 16:27:37.607464
231,Keyboard,Accessories,Dell,42331.0,461,2026-08-06 16:27:39.337605,2026-08-06 16:27:39.337605
232,Headphones,Accessories,Sony,97823.0,126,2026-08-06 16:27:41.624785,2026-08-06 16:27:41.624785
233,Mouse,Accessories,Logitech,61707.0,195,2026-08-06 16:27:42.687145,2026-08-06 16:27:42.687145
234,Camera,Electronics,Nikon,63616.0,485,2026-08-06 16:27:44.259582,2026-08-06 16:27:44.259582
235,Mouse,Accessories,Logitech,49994.0,408,2026-08-06 16:27:45.392436,2026-08-06 16:27:45.392436
236,Laptop,Electronics,HP,23682.0,470,2026-08-06 16:27:53.200240,2026-08-06 16:27:53.200240
237,Headphones,Accessories,Sony,57849.0,67,2026-08-06 16:27:55.752471,2026-08-06 16:27:55.752471
238,Mouse,Accessories,Logitech,58845.0,491,2026-08-06 16:27:57.002724,2026-08-06 16:27:57.002724
239,Headphones,Accessories,Sony,55483.0,247,2026-08-06 16:27:58.440011,2026-08-06 16:27:58.440011
240,Monitor,Electronics,LG,15184.0,94,2026-08-06 16:27:59.899857,2026-08-06 16:27:59.899857
241,Printer,Electronics,Canon,25285.0,79,2026-08-06 16:28:01.107571,2026-08-06 16:28:01.107571
242,Headphones,Accessories,Sony,38786.0,296,2026-08-06 16:28:02.627180,2026-08-06 16:28:02.627180
243,Smartphone,Electronics,Samsung,12883.0,144,2026-08-06 16:28:04.017601,2026-08-06 16:28:04.017601
244,Smart Watch,Electronics,Apple,65896.0,448,2026-08-06 16:28:05.474621,2026-08-06 16:28:05.474621
245,Headphones,Accessories,Sony,45699.0,499,2026-08-06 16:28:06.659749,2026-08-06 16:28:06.659749
246,Printer,Electronics,Canon,28787.0,443,2026-08-06 16:28:08.694396,2026-08-06 16:28:08.694396
247,Smart Watch,Electronics,Apple,41356.0,43,2026-08-06 16:28:11.242428,2026-08-06 16:28:11.242428
248,Smart Watch,Electronics,Apple,69326.0,383,2026-08-06 16:28:12.162519,2026-08-06 16:28:12.162519
249,Laptop,Electronics,HP,56888.0,223,2026-08-06 16:28:13.532615,2026-08-06 16:28:13.532615
250,Keyboard,Accessories,Dell,40431.0,138,2026-08-06 16:28:14.977554,2026-08-06 16:28:14.977554
251,Tablet,Electronics,Lenovo,96192.0,489,2026-08-06 16:28:16.316866,2026-08-06 16:28:16.316866
252,Monitor,Electronics,LG,32836.0,274,2026-08-06 16:28:17.691858,2026-08-06 16:28:17.691858
253,Tablet,Electronics,Lenovo,12311.0,469,2026-08-06 16:28:19.117302,2026-08-06 16:28:19.117302
254,Tablet,Electronics,Lenovo,74179.0,223,2026-08-06 16:28:20.332308,2026-08-06 16:28:20.332308
255,Camera,Electronics,Nikon,80255.0,147,2026-08-06 16:28:21.512643,2026-08-06 16:28:21.512643
256,Printer,Electronics,Canon,37241.0,215,2026-08-06 16:28:22.762754,2026-08-06 16:28:22.762754
257,Smartphone,Electronics,Samsung,12250.0,221,2026-08-06 16:28:24.027604,2026-08-06 16:28:24.027604
258,Printer,Electronics,Canon,13979.0,352,2026-08-06 16:28:25.653482,2026-08-06 16:28:25.653482
259,Printer,Electronics,Canon,36674.0,107,2026-08-06 16:28:28.453658,2026-08-06 16:28:28.453658
260,Monitor,Electronics,LG,86494.0,50,2026-08-06 16:28:29.778460,2026-08-06 16:28:29.778460
261,Tablet,Electronics,Lenovo,92487.0,292,2026-08-06 16:28:31.935360,2026-08-06 16:28:31.935360
262,Smartphone,Electronics,Samsung,54783.0,443,2026-08-06 16:28:33.353171,2026-08-06 16:28:33.353171
263,Headphones,Accessories,Sony,48271.0,303,2026-08-06 16:28:34.708294,2026-08-06 16:28:34.708294
264,Smart Watch,Electronics,Apple,79399.0,376,2026-08-06 16:28:35.843173,2026-08-06 16:28:35.843173
265,Printer,Electronics,Canon,21470.0,286,2026-08-06 16:28:37.253067,2026-08-06 16:28:37.253067
266,Smart Watch,Electronics,Apple,17765.0,133,2026-08-06 16:28:38.702515,2026-08-06 16:28:38.702515
267,Smartphone,Electronics,Samsung,23945.0,186,2026-08-06 16:28:39.938341,2026-08-06 16:28:39.938341
268,Headphones,Accessories,Sony,15135.0,417,2026-08-06 16:28:41.362862,2026-08-06 16:28:41.362862
269,Headphones,Accessories,Sony,92996.0,370,2026-08-06 16:28:42.470856,2026-08-06 16:28:42.470856
270,Mouse,Accessories,Logitech,58237.0,192,2026-08-06 16:28:43.938133,2026-08-06 16:28:43.938133
271,Monitor,Electronics,LG,96704.0,248,2026-08-06 16:28:45.572966,2026-08-06 16:28:45.572966
272,Camera,Electronics,Nikon,84957.0,390,2026-08-06 16:28:47.375262,2026-08-06 16:28:47.375262
273,Headphones,Accessories,Sony,62875.0,414,2026-08-06 16:28:48.724411,2026-08-06 16:28:48.724411
274,Mouse,Accessories,Logitech,79732.0,259,2026-08-06 16:28:50.163254,2026-08-06 16:28:50.163254
275,Printer,Electronics,Canon,11248.0,19,2026-08-06 16:28:51.599957,2026-08-06 16:28:51.599957
276,Smartphone,Electronics,Samsung,11841.0,409,2026-08-06 16:28:54.104584,2026-08-06 16:28:54.104584
277,Monitor,Electronics,LG,25920.0,188,2026-08-06 16:28:57.798229,2026-08-06 16:28:57.798229
278,Headphones,Accessories,Sony,23539.0,369,2026-08-06 16:28:59.700258,2026-08-06 16:28:59.700258
279,Smartphone,Electronics,Samsung,67624.0,58,2026-08-06 16:29:01.178195,2026-08-06 16:29:01.178195
280,Keyboard,Accessories,Dell,46689.0,190,2026-08-06 16:29:02.472599,2026-08-06 16:29:02.472599
281,Laptop,Electronics,HP,58365.0,82,2026-08-06 16:29:03.423301,2026-08-06 16:29:03.423301
282,Monitor,Electronics,LG,11566.0,266,2026-08-06 16:29:04.555370,2026-08-06 16:29:04.555370
283,Laptop,Electronics,HP,6696.0,171,2026-08-06 16:29:06.174890,2026-08-06 16:29:06.174890
284,Tablet,Electronics,Lenovo,39754.0,12,2026-08-06 16:29:07.383053,2026-08-06 16:29:07.383053
285,Tablet,Electronics,Lenovo,50419.0,495,2026-08-06 16:29:08.448701,2026-08-06 16:29:08.448701
286,Keyboard,Accessories,Dell,68668.0,330,2026-08-06 16:29:09.492831,2026-08-06 16:29:09.492831
287,Headphones,Accessories,Sony,17994.0,290,2026-08-06 16:29:10.857902,2026-08-06 16:29:10.857902
288,Smartphone,Electronics,Samsung,55812.0,489,2026-08-06 16:29:11.793213,2026-08-06 16:29:11.793213
289,Keyboard,Accessories,Dell,22988.0,319,2026-08-06 16:29:13.002465,2026-08-06 16:29:13.002465
290,Monitor,Electronics,LG,8386.0,299,2026-08-06 16:29:14.102623,2026-08-06 16:29:14.102623
291,Smartphone,Electronics,Samsung,93276.0,470,2026-08-06 16:29:15.316327,2026-08-06 16:29:15.316327
292,Camera,Electronics,Nikon,67306.0,370,2026-08-06 16:29:16.733358,2026-08-06 16:29:16.733358
293,Printer,Electronics,Canon,97319.0,183,2026-08-06 16:29:18.053597,2026-08-06 16:29:18.053597
294,Laptop,Electronics,HP,43158.0,480,2026-08-06 16:29:19.029850,2026-08-06 16:29:19.029850
295,Smart Watch,Electronics,Apple,93712.0,325,2026-08-06 16:29:20.415631,2026-08-06 16:29:20.415631
296,Smartphone,Electronics,Samsung,27321.0,404,2026-08-06 16:29:21.445502,2026-08-06 16:29:21.445502
297,Camera,Electronics,Nikon,61716.0,137,2026-08-06 16:29:22.378462,2026-08-06 16:29:22.378462
298,Camera,Electronics,Nikon,69071.0,138,2026-08-06 16:29:23.348282,2026-08-06 16:29:23.348282
299,Tablet,Electronics,Lenovo,77715.0,361,2026-08-06 16:29:24.278101,2026-08-06 16:29:24.278101
300,Keyboard,Accessories,Dell,29536.0,451,2026-08-06 16:29:25.235824,2026-08-06 16:29:25.235824
301,Monitor,Electronics,LG,23975.0,330,2026-08-06 16:29:26.414381,2026-08-06 16:29:26.414381
302,Smartphone,Electronics,Samsung,76474.0,404,2026-08-06 16:29:27.708561,2026-08-06 16:29:27.708561
303,Camera,Electronics,Nikon,76170.0,410,2026-08-06 16:29:28.884615,2026-08-06 16:29:28.884615
304,Tablet,Electronics,Lenovo,49423.0,196,2026-08-06 16:29:30.033142,2026-08-06 16:29:30.033142
305,Keyboard,Accessories,Dell,59465.0,123,2026-08-06 16:29:31.552945,2026-08-06 16:29:31.552945
306,Camera,Electronics,Nikon,75229.0,34,2026-08-06 16:29:32.765368,2026-08-06 16:29:32.765368
307,Headphones,Accessories,Sony,61303.0,324,2026-08-06 16:29:34.448642,2026-08-06 16:29:34.448642
308,Laptop,Electronics,HP,52903.0,123,2026-08-06 16:29:35.532543,2026-08-06 16:29:35.532543
309,Tablet,Electronics,Lenovo,38969.0,121,2026-08-06 16:29:36.664952,2026-08-06 16:29:36.664952
310,Smart Watch,Electronics,Apple,21663.0,243,2026-08-06 16:29:38.068647,2026-08-06 16:29:38.068647
311,Smart Watch,Electronics,Apple,25013.0,153,2026-08-06 16:29:39.398226,2026-08-06 16:29:39.398226
312,Mouse,Accessories,Logitech,72800.0,441,2026-08-06 16:29:40.722556,2026-08-06 16:29:40.722556
313,Printer,Electronics,Canon,20900.0,494,2026-08-06 16:29:42.165851,2026-08-06 16:29:42.165851
314,Mouse,Accessories,Logitech,27130.0,326,2026-08-06 16:29:43.370343,2026-08-06 16:29:43.370343
315,Mouse,Accessories,Logitech,74626.0,362,2026-08-06 16:29:44.630389,2026-08-06 16:29:44.630389
316,Headphones,Accessories,Sony,15899.0,101,2026-08-06 16:29:45.595785,2026-08-06 16:29:45.595785
317,Mouse,Accessories,Logitech,69929.0,230,2026-08-06 16:29:46.409852,2026-08-06 16:29:46.409852
318,Monitor,Electronics,LG,31958.0,108,2026-08-06 16:29:47.397615,2026-08-06 16:29:47.397615
319,Keyboard,Accessories,Dell,33411.0,498,2026-08-06 16:29:48.339858,2026-08-06 16:29:48.339858
320,Printer,Electronics,Canon,12044.0,161,2026-08-06 16:29:49.280301,2026-08-06 16:29:49.280301
321,Mouse,Accessories,Logitech,596.0,468,2026-08-06 16:29:50.253320,2026-08-06 16:29:50.253320
322,Printer,Electronics,Canon,19969.0,172,2026-08-06 16:29:51.208432,2026-08-06 16:29:51.208432
323,Printer,Electronics,Canon,90771.0,135,2026-08-06 16:29:51.972971,2026-08-06 16:29:51.972971
324,Smartphone,Electronics,Samsung,31074.0,405,2026-08-06 16:29:52.993027,2026-08-06 16:29:52.993027
325,Smart Watch,Electronics,Apple,64144.0,77,2026-08-06 16:29:53.982472,2026-08-06 16:29:53.982472
326,Headphones,Accessories,Sony,59318.0,203,2026-08-06 16:29:55.025681,2026-08-06 16:29:55.025681
327,Smartphone,Electronics,Samsung,18534.0,67,2026-08-06 16:29:56.042535,2026-08-06 16:29:56.042535
328,Mouse,Accessories,Logitech,7143.0,333,2026-08-06 16:29:57.012672,2026-08-06 16:29:57.012672
329,Tablet,Electronics,Lenovo,79531.0,84,2026-08-06 16:29:57.890911,2026-08-06 16:29:57.890911
330,Mouse,Accessories,Logitech,16845.0,239,2026-08-06 16:29:59.048264,2026-08-06 16:29:59.048264
331,Smart Watch,Electronics,Apple,56990.0,169,2026-08-06 16:30:00.079936,2026-08-06 16:30:00.079936
332,Laptop,Electronics,HP,6615.0,415,2026-08-06 16:30:00.977825,2026-08-06 16:30:00.977825
333,Camera,Electronics,Nikon,23960.0,132,2026-08-06 16:30:02.112486,2026-08-06 16:30:02.112486
334,Monitor,Electronics,LG,21943.0,221,2026-08-06 16:30:03.048048,2026-08-06 16:30:03.048048
335,Laptop,Electronics,HP,94467.0,292,2026-08-06 16:30:03.933158,2026-08-06 16:30:03.933158
336,Mouse,Accessories,Logitech,33589.0,28,2026-08-06 16:30:05.117539,2026-08-06 16:30:05.117539
337,Keyboard,Accessories,Dell,85023.0,44,2026-08-06 16:30:06.460748,2026-08-06 16:30:06.460748
338,Headphones,Accessories,Sony,40477.0,122,2026-08-06 16:30:07.374702,2026-08-06 16:30:07.374702
339,Headphones,Accessories,Sony,24292.0,499,2026-08-06 16:30:08.199896,2026-08-06 16:30:08.199896
340,Mouse,Accessories,Logitech,87515.0,133,2026-08-06 16:30:09.082664,2026-08-06 16:30:09.082664
341,Smartphone,Electronics,Samsung,26223.0,43,2026-08-06 16:30:10.058107,2026-08-06 16:30:10.058107
342,Headphones,Accessories,Sony,52855.0,496,2026-08-06 16:30:10.965475,2026-08-06 16:30:10.965475
343,Laptop,Electronics,HP,57484.0,478,2026-08-06 16:30:12.042635,2026-08-06 16:30:12.042635
344,Keyboard,Accessories,Dell,57087.0,333,2026-08-06 16:30:13.174867,2026-08-06 16:30:13.174867
345,Headphones,Accessories,Sony,78514.0,95,2026-08-06 16:30:14.023856,2026-08-06 16:30:14.023856
346,Keyboard,Accessories,Dell,46611.0,287,2026-08-06 16:30:14.817568,2026-08-06 16:30:14.817568
347,Mouse,Accessories,Logitech,87929.0,259,2026-08-06 16:30:15.967857,2026-08-06 16:30:15.967857
348,Mouse,Accessories,Logitech,62393.0,184,2026-08-06 16:30:16.925899,2026-08-06 16:30:16.925899
349,Headphones,Accessories,Sony,72087.0,175,2026-08-06 16:30:18.078279,2026-08-06 16:30:18.078279
350,Smart Watch,Electronics,Apple,42680.0,344,2026-08-06 16:30:19.250809,2026-08-06 16:30:19.250809
351,Camera,Electronics,Nikon,37487.0,437,2026-08-06 16:30:20.273032,2026-08-06 16:30:20.273032
352,Tablet,Electronics,Lenovo,49747.0,143,2026-08-06 16:30:21.327927,2026-08-06 16:30:21.327927
353,Tablet,Electronics,Lenovo,37570.0,308,2026-08-06 16:30:22.683037,2026-08-06 16:30:22.683037
354,Laptop,Electronics,HP,96939.0,291,2026-08-06 16:30:23.702986,2026-08-06 16:30:23.702986
355,Headphones,Accessories,Sony,77616.0,169,2026-08-06 16:30:24.940102,2026-08-06 16:30:24.940102
356,Laptop,Electronics,HP,99307.0,339,2026-08-06 16:30:25.762963,2026-08-06 16:30:25.762963
357,Headphones,Accessories,Sony,99300.0,149,2026-08-06 16:30:26.778018,2026-08-06 16:30:26.778018
358,Printer,Electronics,Canon,24024.0,461,2026-08-06 16:30:27.813459,2026-08-06 16:30:27.813459
359,Camera,Electronics,Nikon,39569.0,127,2026-08-06 16:30:29.178188,2026-08-06 16:30:29.178188
360,Mouse,Accessories,Logitech,94331.0,139,2026-08-06 16:30:30.215647,2026-08-06 16:30:30.215647
361,Keyboard,Accessories,Dell,29070.0,404,2026-08-06 16:30:31.227990,2026-08-06 16:30:31.227990
362,Smartphone,Electronics,Samsung,12365.0,72,2026-08-06 16:30:32.252478,2026-08-06 16:30:32.252478
363,Laptop,Electronics,HP,56596.0,178,2026-08-06 16:30:33.333261,2026-08-06 16:30:33.333261
364,Keyboard,Accessories,Dell,1922.0,257,2026-08-06 16:30:34.238171,2026-08-06 16:30:34.238171
365,Camera,Electronics,Nikon,26633.0,360,2026-08-06 16:30:35.348251,2026-08-06 16:30:35.348251
366,Headphones,Accessories,Sony,80660.0,86,2026-08-06 16:30:36.358010,2026-08-06 16:30:36.358010
367,Smart Watch,Electronics,Apple,69657.0,49,2026-08-06 16:30:37.368349,2026-08-06 16:30:37.368349
368,Printer,Electronics,Canon,26620.0,102,2026-08-06 16:30:38.425542,2026-08-06 16:30:38.425542
369,Printer,Electronics,Canon,3719.0,193,2026-08-06 16:30:39.413250,2026-08-06 16:30:39.413250
370,Printer,Electronics,Canon,84236.0,406,2026-08-06 16:30:40.473199,2026-08-06 16:30:40.473199
371,Tablet,Electronics,Lenovo,41193.0,155,2026-08-06 16:30:41.715836,2026-08-06 16:30:41.715836
372,Mouse,Accessories,Logitech,60221.0,180,2026-08-06 16:30:42.713009,2026-08-06 16:30:42.713009
373,Headphones,Accessories,Sony,96879.0,256,2026-08-06 16:30:43.742389,2026-08-06 16:30:43.742389
374,Printer,Electronics,Canon,53001.0,160,2026-08-06 16:30:44.712857,2026-08-06 16:30:44.712857
375,Tablet,Electronics,Lenovo,89164.0,256,2026-08-06 16:30:45.920521,2026-08-06 16:30:45.920521
376,Mouse,Accessories,Logitech,15233.0,38,2026-08-06 16:30:46.778141,2026-08-06 16:30:46.778141
377,Tablet,Electronics,Lenovo,37512.0,242,2026-08-06 16:30:47.855372,2026-08-06 16:30:47.855372
378,Smartphone,Electronics,Samsung,28556.0,201,2026-08-06 16:30:48.922489,2026-08-06 16:30:48.922489
379,Mouse,Accessories,Logitech,37439.0,199,2026-08-06 16:30:49.837662,2026-08-06 16:30:49.837662
380,Printer,Electronics,Canon,15781.0,331,2026-08-06 16:30:50.780573,2026-08-06 16:30:50.780573
381,Monitor,Electronics,LG,58038.0,359,2026-08-06 16:30:51.633144,2026-08-06 16:30:51.633144
382,Monitor,Electronics,LG,85397.0,88,2026-08-06 16:30:52.608183,2026-08-06 16:30:52.608183
383,Smartphone,Electronics,Samsung,39537.0,391,2026-08-06 16:30:53.755065,2026-08-06 16:30:53.755065
384,Headphones,Accessories,Sony,70876.0,477,2026-08-06 16:30:54.604755,2026-08-06 16:30:54.604755
385,Monitor,Electronics,LG,17704.0,393,2026-08-06 16:30:55.610200,2026-08-06 16:30:55.610200
386,Smart Watch,Electronics,Apple,27394.0,100,2026-08-06 16:30:56.738100,2026-08-06 16:30:56.738100
387,Keyboard,Accessories,Dell,14803.0,10,2026-08-06 16:30:57.650436,2026-08-06 16:30:57.650436
388,Camera,Electronics,Nikon,12507.0,66,2026-08-06 16:30:58.488172,2026-08-06 16:30:58.488172
389,Smartphone,Electronics,Samsung,6026.0,335,2026-08-06 16:30:59.476049,2026-08-06 16:30:59.476049
390,Tablet,Electronics,Lenovo,41166.0,461,2026-08-06 16:31:00.623147,2026-08-06 16:31:00.623147
391,Laptop,Electronics,HP,31083.0,242,2026-08-06 16:31:01.479462,2026-08-06 16:31:01.479462
392,Laptop,Electronics,HP,66433.0,331,2026-08-06 16:31:02.633162,2026-08-06 16:31:02.633162
393,Keyboard,Accessories,Dell,15598.0,99,2026-08-06 16:31:03.695765,2026-08-06 16:31:03.695765
394,Laptop,Electronics,HP,30371.0,365,2026-08-06 16:31:04.653355,2026-08-06 16:31:04.653355
395,Printer,Electronics,Canon,95795.0,461,2026-08-06 16:31:05.658357,2026-08-06 16:31:05.658357
396,Tablet,Electronics,Lenovo,55834.0,138,2026-08-06 16:31:06.575410,2026-08-06 16:31:06.575410
397,Camera,Electronics,Nikon,83298.0,370,2026-08-06 16:31:07.935462,2026-08-06 16:31:07.935462
398,Laptop,Electronics,HP,10495.0,397,2026-08-06 16:31:09.048020,2026-08-06 16:31:09.048020
399,Monitor,Electronics,LG,18715.0,341,2026-08-06 16:31:10.179632,2026-08-06 16:31:10.179632
400,Monitor,Electronics,LG,94405.0,312,2026-08-06 16:31:11.192646,2026-08-06 16:31:11.192646
401,Camera,Electronics,Nikon,30288.0,76,2026-08-06 16:31:12.085516,2026-08-06 16:31:12.085516
402,Keyboard,Accessories,Dell,95861.0,79,2026-08-06 16:31:12.992455,2026-08-06 16:31:12.992455
403,Headphones,Accessories,Sony,53344.0,474,2026-08-06 16:31:13.995112,2026-08-06 16:31:13.995112
404,Monitor,Electronics,LG,13822.0,48,2026-08-06 16:31:14.895369,2026-08-06 16:31:14.895369
405,Smartphone,Electronics,Samsung,35668.0,52,2026-08-06 16:31:16.152829,2026-08-06 16:31:16.152829
406,Mouse,Accessories,Logitech,1689.0,190,2026-08-06 16:31:17.097798,2026-08-06 16:31:17.097798
407,Printer,Electronics,Canon,46070.0,309,2026-08-06 16:31:18.168007,2026-08-06 16:31:18.168007
408,Smart Watch,Electronics,Apple,90841.0,480,2026-08-06 16:31:19.122972,2026-08-06 16:31:19.122972
409,Headphones,Accessories,Sony,56947.0,222,2026-08-06 16:31:20.053653,2026-08-06 16:31:20.053653
410,Tablet,Electronics,Lenovo,77172.0,259,2026-08-06 16:31:21.072786,2026-08-06 16:31:21.072786
411,Monitor,Electronics,LG,89112.0,477,2026-08-06 16:31:22.205640,2026-08-06 16:31:22.205640
412,Printer,Electronics,Canon,67466.0,60,2026-08-06 16:31:23.278090,2026-08-06 16:31:23.278090
413,Headphones,Accessories,Sony,69449.0,275,2026-08-06 16:31:24.325020,2026-08-06 16:31:24.325020
414,Keyboard,Accessories,Dell,21034.0,382,2026-08-06 16:31:25.382960,2026-08-06 16:31:25.382960
415,Monitor,Electronics,LG,59444.0,423,2026-08-06 16:31:26.595739,2026-08-06 16:31:26.595739
416,Smart Watch,Electronics,Apple,16031.0,277,2026-08-06 16:31:27.565443,2026-08-06 16:31:27.565443
417,Smartphone,Electronics,Samsung,36284.0,44,2026-08-06 16:31:28.765481,2026-08-06 16:31:28.765481
418,Headphones,Accessories,Sony,22540.0,466,2026-08-06 16:31:29.883352,2026-08-06 16:31:29.883352
419,Headphones,Accessories,Sony,60290.0,156,2026-08-06 16:31:31.152565,2026-08-06 16:31:31.152565
420,Headphones,Accessories,Sony,14430.0,34,2026-08-06 16:31:32.318303,2026-08-06 16:31:32.318303
421,Laptop,Electronics,HP,14555.0,474,2026-08-06 16:31:33.191216,2026-08-06 16:31:33.191216
422,Headphones,Accessories,Sony,93266.0,488,2026-08-06 16:31:34.278180,2026-08-06 16:31:34.278180
423,Laptop,Electronics,HP,28138.0,124,2026-08-06 16:31:35.482676,2026-08-06 16:31:35.482676
424,Headphones,Accessories,Sony,94152.0,481,2026-08-06 16:31:36.685355,2026-08-06 16:31:36.685355
425,Tablet,Electronics,Lenovo,88694.0,439,2026-08-06 16:31:38.045638,2026-08-06 16:31:38.045638
426,Tablet,Electronics,Lenovo,92507.0,288,2026-08-06 16:31:39.470454,2026-08-06 16:31:39.470454
427,Smartphone,Electronics,Samsung,65261.0,184,2026-08-06 16:31:40.593192,2026-08-06 16:31:40.593192
428,Camera,Electronics,Nikon,8086.0,114,2026-08-06 16:31:41.602390,2026-08-06 16:31:41.602390
429,Headphones,Accessories,Sony,74472.0,14,2026-08-06 16:31:42.512457,2026-08-06 16:31:42.512457
430,Printer,Electronics,Canon,80166.0,90,2026-08-06 16:31:43.479796,2026-08-06 16:31:43.479796
431,Printer,Electronics,Canon,59123.0,204,2026-08-06 16:31:44.322660,2026-08-06 16:31:44.322660
432,Smartphone,Electronics,Samsung,9456.0,494,2026-08-06 16:31:45.322521,2026-08-06 16:31:45.322521
433,Laptop,Electronics,HP,10322.0,262,2026-08-06 16:31:46.442695,2026-08-06 16:31:46.442695
434,Camera,Electronics,Nikon,34396.0,267,2026-08-06 16:31:47.705171,2026-08-06 16:31:47.705171
435,Monitor,Electronics,LG,80230.0,408,2026-08-06 16:31:48.693192,2026-08-06 16:31:48.693192
436,Keyboard,Accessories,Dell,8144.0,174,2026-08-06 16:31:49.562511,2026-08-06 16:31:49.562511
437,Printer,Electronics,Canon,9808.0,387,2026-08-06 16:31:50.565900,2026-08-06 16:31:50.565900
438,Camera,Electronics,Nikon,52253.0,388,2026-08-06 16:31:51.598259,2026-08-06 16:31:51.598259
439,Tablet,Electronics,Lenovo,38610.0,317,2026-08-06 16:31:52.718326,2026-08-06 16:31:52.718326
440,Keyboard,Accessories,Dell,41526.0,327,2026-08-06 16:31:53.995820,2026-08-06 16:31:53.995820
441,Headphones,Accessories,Sony,31914.0,200,2026-08-06 16:31:54.830818,2026-08-06 16:31:54.830818
442,Laptop,Electronics,HP,91129.0,361,2026-08-06 16:31:55.890196,2026-08-06 16:31:55.890196
443,Smart Watch,Electronics,Apple,77271.0,76,2026-08-06 16:31:56.937891,2026-08-06 16:31:56.937891
444,Smart Watch,Electronics,Apple,76557.0,90,2026-08-06 16:31:58.198138,2026-08-06 16:31:58.198138
445,Smart Watch,Electronics,Apple,50417.0,168,2026-08-06 16:31:59.133509,2026-08-06 16:31:59.133509
446,Smartphone,Electronics,Samsung,53712.0,413,2026-08-06 16:32:00.587705,2026-08-06 16:32:00.587705
447,Smart Watch,Electronics,Apple,57261.0,200,2026-08-06 16:32:01.967841,2026-08-06 16:32:01.967841
448,Camera,Electronics,Nikon,45885.0,158,2026-08-06 16:32:02.933506,2026-08-06 16:32:02.933506
449,Smart Watch,Electronics,Apple,79845.0,130,2026-08-06 16:32:03.960603,2026-08-06 16:32:03.960603
450,Camera,Electronics,Nikon,42947.0,122,2026-08-06 16:32:04.873142,2026-08-06 16:32:04.873142
451,Monitor,Electronics,LG,84418.0,66,2026-08-06 16:32:05.968001,2026-08-06 16:32:05.968001
452,Headphones,Accessories,Sony,81950.0,229,2026-08-06 16:32:07.058312,2026-08-06 16:32:07.058312
453,Smartphone,Electronics,Samsung,57250.0,384,2026-08-06 16:32:08.177626,2026-08-06 16:32:08.177626
454,Printer,Electronics,Canon,67060.0,94,2026-08-06 16:32:09.233877,2026-08-06 16:32:09.233877
455,Laptop,Electronics,HP,14167.0,221,2026-08-06 16:32:10.283202,2026-08-06 16:32:10.283202
456,Mouse,Accessories,Logitech,21426.0,251,2026-08-06 16:32:11.408149,2026-08-06 16:32:11.408149
457,Mouse,Accessories,Logitech,34753.0,247,2026-08-06 16:32:12.657987,2026-08-06 16:32:12.657987
458,Tablet,Electronics,Lenovo,17478.0,388,2026-08-06 16:32:13.493568,2026-08-06 16:32:13.493568
459,Printer,Electronics,Canon,71280.0,91,2026-08-06 16:32:14.583081,2026-08-06 16:32:14.583081
460,Printer,Electronics,Canon,7480.0,40,2026-08-06 16:32:15.587901,2026-08-06 16:32:15.587901
461,Headphones,Accessories,Sony,99618.0,243,2026-08-06 16:32:16.806022,2026-08-06 16:32:16.806022
462,Tablet,Electronics,Lenovo,72965.0,78,2026-08-06 16:32:18.838448,2026-08-06 16:32:18.838448
463,Monitor,Electronics,LG,70668.0,287,2026-08-06 16:32:19.842629,2026-08-06 16:32:19.842629
464,Mouse,Accessories,Logitech,70755.0,311,2026-08-06 16:32:20.612315,2026-08-06 16:32:20.612315
465,Monitor,Electronics,LG,2521.0,314,2026-08-06 16:32:21.593294,2026-08-06 16:32:21.593294
466,Camera,Electronics,Nikon,85884.0,471,2026-08-06 16:32:22.513778,2026-08-06 16:32:22.513778
467,Smart Watch,Electronics,Apple,49660.0,459,2026-08-06 16:32:23.540866,2026-08-06 16:32:23.540866
468,Smartphone,Electronics,Samsung,91980.0,418,2026-08-06 16:32:24.792095,2026-08-06 16:32:24.792095
469,Monitor,Electronics,LG,71689.0,36,2026-08-06 16:32:25.842458,2026-08-06 16:32:25.842458
470,Laptop,Electronics,HP,65747.0,91,2026-08-06 16:32:26.844974,2026-08-06 16:32:26.844974
471,Monitor,Electronics,LG,31405.0,50,2026-08-06 16:32:27.897940,2026-08-06 16:32:27.897940
472,Smart Watch,Electronics,Apple,86706.0,467,2026-08-06 16:32:28.803624,2026-08-06 16:32:28.803624
473,Monitor,Electronics,LG,68987.0,447,2026-08-06 16:32:29.787810,2026-08-06 16:32:29.787810
474,Headphones,Accessories,Sony,96449.0,340,2026-08-06 16:32:30.764508,2026-08-06 16:32:30.764508
475,Keyboard,Accessories,Dell,45050.0,388,2026-08-06 16:32:31.743583,2026-08-06 16:32:31.743583
476,Headphones,Accessories,Sony,11961.0,104,2026-08-06 16:32:32.800211,2026-08-06 16:32:32.800211
477,Tablet,Electronics,Lenovo,76270.0,440,2026-08-06 16:32:33.728301,2026-08-06 16:32:33.728301
478,Smartphone,Electronics,Samsung,41481.0,203,2026-08-06 16:32:34.947926,2026-08-06 16:32:34.947926
479,Keyboard,Accessories,Dell,99801.0,54,2026-08-06 16:32:36.165091,2026-08-06 16:32:36.165091
480,Monitor,Electronics,LG,95776.0,94,2026-08-06 16:32:37.913280,2026-08-06 16:32:37.913280
481,Laptop,Electronics,HP,42138.0,403,2026-08-06 16:32:39.645028,2026-08-06 16:32:39.645028
482,Keyboard,Accessories,Dell,97446.0,117,2026-08-06 16:32:42.192495,2026-08-06 16:32:42.192495
483,Printer,Electronics,Canon,80962.0,356,2026-08-06 16:32:44.053471,2026-08-06 16:32:44.053471
484,Headphones,Accessories,Sony,59580.0,351,2026-08-06 16:32:45.670219,2026-08-06 16:32:45.670219
485,Printer,Electronics,Canon,80377.0,110,2026-08-06 16:32:47.547919,2026-08-06 16:32:47.547919
486,Headphones,Accessories,Sony,42181.0,116,2026-08-06 16:32:48.863355,2026-08-06 16:32:48.863355
487,Monitor,Electronics,LG,85204.0,144,2026-08-06 16:32:50.033096,2026-08-06 16:32:50.033096
488,Laptop,Electronics,HP,86286.0,455,2026-08-06 16:32:51.490604,2026-08-06 16:32:51.490604
489,Tablet,Electronics,Lenovo,71341.0,273,2026-08-06 16:32:52.890338,2026-08-06 16:32:52.890338
490,Smartphone,Electronics,Samsung,40460.0,197,2026-08-06 16:32:54.315234,2026-08-06 16:32:54.315234
491,Smartphone,Electronics,Samsung,44723.0,210,2026-08-06 16:32:56.375495,2026-08-06 16:32:56.375495
492,Printer,Electronics,Canon,86176.0,95,2026-08-06 16:32:57.828322,2026-08-06 16:32:57.828322
493,Headphones,Accessories,Sony,88756.0,402,2026-08-06 16:32:59.937947,2026-08-06 16:32:59.937947
494,Headphones,Accessories,Sony,51379.0,289,2026-08-06 16:33:01.912995,2026-08-06 16:33:01.912995
495,Keyboard,Accessories,Dell,41261.0,185,2026-08-06 16:33:03.314990,2026-08-06 16:33:03.314990
496,Laptop,Electronics,HP,77044.0,254,2026-08-06 16:33:04.813790,2026-08-06 16:33:04.813790
497,Printer,Electronics,Canon,49431.0,472,2026-08-06 16:33:06.358310,2026-08-06 16:33:06.358310
498,Smartphone,Electronics,Samsung,77068.0,495,2026-08-06 16:33:07.605575,2026-08-06 16:33:07.605575
499,Printer,Electronics,Canon,85263.0,15,2026-08-06 16:33:09.010478,2026-08-06 16:33:09.010478
500,Camera,Electronics,Nikon,22030.0,490,2026-08-06 16:33:10.333139,2026-08-06 16:33:10.333139
501,Tablet,Electronics,Lenovo,92245.0,314,2026-08-06 16:37:02.281527,2026-08-06 16:37:02.281527
502,Camera,Electronics,Nikon,98937.0,182,2026-08-06 16:37:03.501741,2026-08-06 16:37:03.501741
503,Camera,Electronics,Nikon,48592.0,381,2026-08-06 16:37:04.723129,2026-08-06 16:37:04.723129
504,Keyboard,Accessories,Dell,75558.0,63,2026-08-06 16:37:05.894552,2026-08-06 16:37:05.894552
505,Camera,Electronics,Nikon,21506.0,238,2026-08-06 16:37:07.197015,2026-08-06 16:37:07.197015
506,Monitor,Electronics,LG,76231.0,52,2026-08-06 16:37:08.229010,2026-08-06 16:37:08.229010
507,Keyboard,Accessories,Dell,73190.0,233,2026-08-06 16:37:09.383800,2026-08-06 16:37:09.383800
508,Laptop,Electronics,HP,29484.0,41,2026-08-06 16:37:10.572666,2026-08-06 16:37:10.572666
509,Camera,Electronics,Nikon,54434.0,14,2026-08-06 16:37:11.617736,2026-08-06 16:37:11.617736
510,Keyboard,Accessories,Dell,11637.0,351,2026-08-06 16:37:12.647725,2026-08-06 16:37:12.647725
511,Monitor,Electronics,LG,2967.0,87,2026-08-06 16:37:13.789447,2026-08-06 16:37:13.789447
512,Keyboard,Accessories,Dell,29827.0,110,2026-08-06 16:37:15.144006,2026-08-06 16:37:15.144006
513,Mouse,Accessories,Logitech,44692.0,125,2026-08-06 16:37:16.552862,2026-08-06 16:37:16.552862
514,Smartphone,Electronics,Samsung,82291.0,186,2026-08-06 16:37:17.564195,2026-08-06 16:37:17.564195
515,Headphones,Accessories,Sony,25406.0,145,2026-08-06 16:37:18.557318,2026-08-06 16:37:18.557318
516,Laptop,Electronics,HP,23543.0,67,2026-08-06 16:37:19.677148,2026-08-06 16:37:19.677148
517,Laptop,Electronics,HP,24183.0,468,2026-08-06 16:37:20.808851,2026-08-06 16:37:20.808851
518,Smartphone,Electronics,Samsung,50453.0,326,2026-08-06 16:37:22.032694,2026-08-06 16:37:22.032694
519,Camera,Electronics,Nikon,82405.0,378,2026-08-06 16:37:23.085041,2026-08-06 16:37:23.085041
520,Laptop,Electronics,HP,47797.0,207,2026-08-06 16:37:24.112630,2026-08-06 16:37:24.112630
521,Camera,Electronics,Nikon,12140.0,144,2026-08-06 16:37:25.737769,2026-08-06 16:37:25.737769
522,Keyboard,Accessories,Dell,51654.0,457,2026-08-06 16:37:27.299238,2026-08-06 16:37:27.299238
523,Laptop,Electronics,HP,7544.0,74,2026-08-06 16:37:28.347347,2026-08-06 16:37:28.347347
524,Keyboard,Accessories,Dell,98480.0,130,2026-08-06 16:37:29.707613,2026-08-06 16:37:29.707613
525,Headphones,Accessories,Sony,60604.0,353,2026-08-06 16:37:30.776927,2026-08-06 16:37:30.776927
526,Keyboard,Accessories,Dell,76774.0,465,2026-08-06 16:37:31.887518,2026-08-06 16:37:31.887518
527,Smartphone,Electronics,Samsung,88826.0,435,2026-08-06 16:37:32.804764,2026-08-06 16:37:32.804764
528,Headphones,Accessories,Sony,43797.0,30,2026-08-06 16:37:33.902729,2026-08-06 16:37:33.902729
529,Keyboard,Accessories,Dell,71342.0,347,2026-08-06 16:37:34.849246,2026-08-06 16:37:34.849246
530,Headphones,Accessories,Sony,62477.0,194,2026-08-06 16:37:35.817483,2026-08-06 16:37:35.817483
531,Printer,Electronics,Canon,23041.0,93,2026-08-06 16:37:36.857611,2026-08-06 16:37:36.857611
532,Smart Watch,Electronics,Apple,63471.0,420,2026-08-06 16:37:37.744493,2026-08-06 16:37:37.744493
533,Smart Watch,Electronics,Apple,92869.0,78,2026-08-06 16:37:38.942260,2026-08-06 16:37:38.942260
534,Mouse,Accessories,Logitech,81260.0,478,2026-08-06 16:37:40.056946,2026-08-06 16:37:40.056946
535,Keyboard,Accessories,Dell,6299.0,214,2026-08-06 16:37:41.311736,2026-08-06 16:37:41.311736
536,Headphones,Accessories,Sony,86781.0,66,2026-08-06 16:37:42.316844,2026-08-06 16:37:42.316844
537,Monitor,Electronics,LG,88870.0,451,2026-08-06 16:37:43.499339,2026-08-06 16:37:43.499339
538,Printer,Electronics,Canon,23490.0,48,2026-08-06 16:37:44.614533,2026-08-06 16:37:44.614533
539,Keyboard,Accessories,Dell,29279.0,160,2026-08-06 16:37:45.820051,2026-08-06 16:37:45.820051
540,Camera,Electronics,Nikon,2278.0,112,2026-08-06 16:37:46.812277,2026-08-06 16:37:46.812277
541,Laptop,Electronics,HP,90509.0,241,2026-08-06 16:37:48.279734,2026-08-06 16:37:48.279734
542,Laptop,Electronics,HP,49872.0,87,2026-08-06 16:37:49.306989,2026-08-06 16:37:49.306989
543,Laptop,Electronics,HP,9889.0,415,2026-08-06 16:37:50.307393,2026-08-06 16:37:50.307393
544,Tablet,Electronics,Lenovo,36764.0,262,2026-08-06 16:37:51.242390,2026-08-06 16:37:51.242390
545,Smartphone,Electronics,Samsung,85763.0,257,2026-08-06 16:37:52.387851,2026-08-06 16:37:52.387851
546,Printer,Electronics,Canon,77174.0,431,2026-08-06 16:37:53.661908,2026-08-06 16:37:53.661908
547,Mouse,Accessories,Logitech,18953.0,169,2026-08-06 16:37:54.563781,2026-08-06 16:37:54.563781
548,Printer,Electronics,Canon,4190.0,376,2026-08-06 16:37:55.602363,2026-08-06 16:37:55.602363
549,Printer,Electronics,Canon,93036.0,299,2026-08-06 16:37:56.847372,2026-08-06 16:37:56.847372
550,Laptop,Electronics,HP,89276.0,243,2026-08-06 16:37:57.809437,2026-08-06 16:37:57.809437
551,Keyboard,Accessories,Dell,41647.0,183,2026-08-06 16:37:58.794458,2026-08-06 16:37:58.794458
552,Tablet,Electronics,Lenovo,45670.0,180,2026-08-06 16:37:59.725201,2026-08-06 16:37:59.725201
553,Printer,Electronics,Canon,92705.0,216,2026-08-06 16:38:00.572731,2026-08-06 16:38:00.572731
554,Headphones,Accessories,Sony,68959.0,72,2026-08-06 16:38:01.307292,2026-08-06 16:38:01.307292
555,Headphones,Accessories,Sony,4293.0,479,2026-08-06 16:38:02.584215,2026-08-06 16:38:02.584215
556,Laptop,Electronics,HP,64040.0,156,2026-08-06 16:38:03.617846,2026-08-06 16:38:03.617846
557,Tablet,Electronics,Lenovo,29829.0,252,2026-08-06 16:38:04.756429,2026-08-06 16:38:04.756429
558,Camera,Electronics,Nikon,86431.0,383,2026-08-06 16:38:05.837494,2026-08-06 16:38:05.837494
559,Mouse,Accessories,Logitech,46853.0,354,2026-08-06 16:38:06.842878,2026-08-06 16:38:06.842878
560,Keyboard,Accessories,Dell,71929.0,112,2026-08-06 16:38:08.237928,2026-08-06 16:38:08.237928
561,Keyboard,Accessories,Dell,53172.0,249,2026-08-06 16:38:09.309776,2026-08-06 16:38:09.309776
562,Mouse,Accessories,Logitech,60112.0,130,2026-08-06 16:38:10.227002,2026-08-06 16:38:10.227002
563,Mouse,Accessories,Logitech,94489.0,263,2026-08-06 16:38:11.232202,2026-08-06 16:38:11.232202
564,Keyboard,Accessories,Dell,54093.0,366,2026-08-06 16:38:12.336953,2026-08-06 16:38:12.336953
565,Headphones,Accessories,Sony,81203.0,235,2026-08-06 16:38:13.652021,2026-08-06 16:38:13.652021
566,Camera,Electronics,Nikon,76252.0,456,2026-08-06 16:38:14.512671,2026-08-06 16:38:14.512671
567,Headphones,Accessories,Sony,94040.0,191,2026-08-06 16:38:15.777348,2026-08-06 16:38:15.777348
568,Headphones,Accessories,Sony,9712.0,401,2026-08-06 16:38:17.018259,2026-08-06 16:38:17.018259
569,Headphones,Accessories,Sony,95710.0,98,2026-08-06 16:38:17.856981,2026-08-06 16:38:17.856981
570,Laptop,Electronics,HP,55812.0,217,2026-08-06 16:38:19.341870,2026-08-06 16:38:19.341870
571,Camera,Electronics,Nikon,16134.0,468,2026-08-06 16:38:20.367540,2026-08-06 16:38:20.367540
572,Smartphone,Electronics,Samsung,27495.0,380,2026-08-06 16:38:21.222550,2026-08-06 16:38:21.222550
573,Tablet,Electronics,Lenovo,3089.0,146,2026-08-06 16:38:22.365177,2026-08-06 16:38:22.365177
574,Mouse,Accessories,Logitech,85262.0,397,2026-08-06 16:38:23.523040,2026-08-06 16:38:23.523040
575,Smart Watch,Electronics,Apple,44451.0,193,2026-08-06 16:38:24.437865,2026-08-06 16:38:24.437865
576,Smart Watch,Electronics,Apple,80450.0,471,2026-08-06 16:38:25.359222,2026-08-06 16:38:25.359222
577,Mouse,Accessories,Logitech,53059.0,210,2026-08-06 16:38:26.579079,2026-08-06 16:38:26.579079
578,Headphones,Accessories,Sony,47264.0,413,2026-08-06 16:38:27.774068,2026-08-06 16:38:27.774068
579,Camera,Electronics,Nikon,18471.0,224,2026-08-06 16:38:28.882246,2026-08-06 16:38:28.882246
580,Tablet,Electronics,Lenovo,84289.0,362,2026-08-06 16:38:29.884328,2026-08-06 16:38:29.884328
581,Smartphone,Electronics,Samsung,44681.0,361,2026-08-06 16:38:30.997111,2026-08-06 16:38:30.997111
582,Tablet,Electronics,Lenovo,47953.0,362,2026-08-06 16:38:31.962055,2026-08-06 16:38:31.962055
583,Mouse,Accessories,Logitech,45275.0,119,2026-08-06 16:38:33.189792,2026-08-06 16:38:33.189792
584,Headphones,Accessories,Sony,94535.0,394,2026-08-06 16:38:34.464255,2026-08-06 16:38:34.464255
585,Printer,Electronics,Canon,19283.0,418,2026-08-06 16:38:35.821857,2026-08-06 16:38:35.821857
586,Headphones,Accessories,Sony,3893.0,205,2026-08-06 16:38:37.419762,2026-08-06 16:38:37.419762
587,Tablet,Electronics,Lenovo,48972.0,128,2026-08-06 16:38:38.582540,2026-08-06 16:38:38.582540
588,Smartphone,Electronics,Samsung,5883.0,426,2026-08-06 16:38:39.552750,2026-08-06 16:38:39.552750
589,Laptop,Electronics,HP,40587.0,60,2026-08-06 16:38:40.557872,2026-08-06 16:38:40.557872
590,Smart Watch,Electronics,Apple,97754.0,64,2026-08-06 16:38:41.646956,2026-08-06 16:38:41.646956
591,Smart Watch,Electronics,Apple,26616.0,203,2026-08-06 16:38:43.129635,2026-08-06 16:38:43.129635
592,Keyboard,Accessories,Dell,68243.0,15,2026-08-06 16:38:44.492408,2026-08-06 16:38:44.492408
593,Camera,Electronics,Nikon,99924.0,376,2026-08-06 16:38:45.757615,2026-08-06 16:38:45.757615
594,Headphones,Accessories,Sony,29200.0,180,2026-08-06 16:38:47.147480,2026-08-06 16:38:47.147480
595,Laptop,Electronics,HP,53016.0,480,2026-08-06 16:38:48.217123,2026-08-06 16:38:48.217123
596,Headphones,Accessories,Sony,51091.0,410,2026-08-06 16:38:49.367037,2026-08-06 16:38:49.367037
597,Smart Watch,Electronics,Apple,1639.0,469,2026-08-06 16:38:50.362158,2026-08-06 16:38:50.362158
598,Headphones,Accessories,Sony,37955.0,81,2026-08-06 16:38:51.607844,2026-08-06 16:38:51.607844
599,Monitor,Electronics,LG,91049.0,128,2026-08-06 16:38:52.531744,2026-08-06 16:38:52.531744
600,Printer,Electronics,Canon,34045.0,401,2026-08-06 16:38:53.518062,2026-08-06 16:38:53.518062
601,Monitor,Electronics,LG,23681.0,178,2026-08-06 16:38:54.384273,2026-08-06 16:38:54.384273
602,Laptop,Electronics,HP,29390.0,311,2026-08-06 16:38:55.401952,2026-08-06 16:38:55.401952
603,Smartphone,Electronics,Samsung,95939.0,277,2026-08-06 16:38:56.416910,2026-08-06 16:38:56.416910
604,Printer,Electronics,Canon,5730.0,267,2026-08-06 16:38:57.487766,2026-08-06 16:38:57.487766
605,Printer,Electronics,Canon,19499.0,170,2026-08-06 16:38:58.647665,2026-08-06 16:38:58.647665
606,Camera,Electronics,Nikon,17389.0,322,2026-08-06 16:39:03.358083,2026-08-06 16:39:03.358083
607,Monitor,Electronics,LG,89426.0,174,2026-08-06 16:39:04.667389,2026-08-06 16:39:04.667389
608,Headphones,Accessories,Sony,7357.0,439,2026-08-06 16:39:05.815245,2026-08-06 16:39:05.815245
609,Tablet,Electronics,Lenovo,16186.0,377,2026-08-06 16:39:06.979545,2026-08-06 16:39:06.979545
610,Laptop,Electronics,HP,46133.0,79,2026-08-06 16:39:08.027574,2026-08-06 16:39:08.027574
611,Keyboard,Accessories,Dell,10189.0,232,2026-08-06 16:39:10.342574,2026-08-06 16:39:10.342574
612,Keyboard,Accessories,Dell,90866.0,496,2026-08-06 16:39:11.037417,2026-08-06 16:39:11.037417
613,Mouse,Accessories,Logitech,39092.0,125,2026-08-06 16:39:11.944025,2026-08-06 16:39:11.944025
614,Tablet,Electronics,Lenovo,68593.0,461,2026-08-06 16:39:12.854663,2026-08-06 16:39:12.854663
615,Smart Watch,Electronics,Apple,80468.0,261,2026-08-06 16:39:13.952511,2026-08-06 16:39:13.952511
616,Laptop,Electronics,HP,49057.0,129,2026-08-06 16:39:15.087150,2026-08-06 16:39:15.087150
617,Tablet,Electronics,Lenovo,65939.0,413,2026-08-06 16:39:15.892811,2026-08-06 16:39:15.892811
618,Printer,Electronics,Canon,1482.0,335,2026-08-06 16:39:16.772712,2026-08-06 16:39:16.772712
619,Smart Watch,Electronics,Apple,81146.0,374,2026-08-06 16:39:17.644452,2026-08-06 16:39:17.644452
620,Keyboard,Accessories,Dell,62435.0,27,2026-08-06 16:39:18.675032,2026-08-06 16:39:18.675032
621,Keyboard,Accessories,Dell,94365.0,410,2026-08-06 16:39:19.567199,2026-08-06 16:39:19.567199
622,Smartphone,Electronics,Samsung,20511.0,479,2026-08-06 16:39:21.207432,2026-08-06 16:39:21.207432
623,Keyboard,Accessories,Dell,77629.0,415,2026-08-06 16:39:22.341940,2026-08-06 16:39:22.341940
624,Monitor,Electronics,LG,79547.0,495,2026-08-06 16:39:23.382883,2026-08-06 16:39:23.382883
625,Smartphone,Electronics,Samsung,44821.0,314,2026-08-06 16:39:24.383126,2026-08-06 16:39:24.383126
626,Smart Watch,Electronics,Apple,64759.0,233,2026-08-06 16:39:25.762787,2026-08-06 16:39:25.762787
627,Mouse,Accessories,Logitech,26948.0,233,2026-08-06 16:39:26.576931,2026-08-06 16:39:26.576931
628,Smartphone,Electronics,Samsung,1608.0,416,2026-08-06 16:39:27.412000,2026-08-06 16:39:27.412000
629,Keyboard,Accessories,Dell,41662.0,186,2026-08-06 16:39:28.466947,2026-08-06 16:39:28.466947
630,Mouse,Accessories,Logitech,37554.0,228,2026-08-06 16:39:29.502771,2026-08-06 16:39:29.502771
631,Monitor,Electronics,LG,56677.0,60,2026-08-06 16:39:30.277357,2026-08-06 16:39:30.277357
632,Mouse,Accessories,Logitech,8277.0,422,2026-08-06 16:39:31.517544,2026-08-06 16:39:31.517544
633,Printer,Electronics,Canon,39217.0,54,2026-08-06 16:39:32.483990,2026-08-06 16:39:32.483990
634,Smartphone,Electronics,Samsung,10769.0,99,2026-08-06 16:39:33.325192,2026-08-06 16:39:33.325192
635,Headphones,Accessories,Sony,8711.0,211,2026-08-06 16:39:34.291740,2026-08-06 16:39:34.291740
636,Printer,Electronics,Canon,22963.0,140,2026-08-06 16:39:35.189247,2026-08-06 16:39:35.189247
637,Headphones,Accessories,Sony,2494.0,323,2026-08-06 16:39:36.117626,2026-08-06 16:39:36.117626
638,Headphones,Accessories,Sony,20693.0,283,2026-08-06 16:39:37.284386,2026-08-06 16:39:37.284386
639,Tablet,Electronics,Lenovo,34007.0,492,2026-08-06 16:39:38.237276,2026-08-06 16:39:38.237276
640,Laptop,Electronics,HP,80466.0,206,2026-08-06 16:39:39.290256,2026-08-06 16:39:39.290256
641,Printer,Electronics,Canon,37316.0,377,2026-08-06 16:39:40.317426,2026-08-06 16:39:40.317426
642,Keyboard,Accessories,Dell,12497.0,190,2026-08-06 16:39:41.341900,2026-08-06 16:39:41.341900
643,Laptop,Electronics,HP,6965.0,397,2026-08-06 16:39:42.437456,2026-08-06 16:39:42.437456
644,Keyboard,Accessories,Dell,4717.0,85,2026-08-06 16:39:43.332657,2026-08-06 16:39:43.332657
645,Headphones,Accessories,Sony,49183.0,301,2026-08-06 16:39:44.347214,2026-08-06 16:39:44.347214
646,Headphones,Accessories,Sony,1301.0,20,2026-08-06 16:39:45.562804,2026-08-06 16:39:45.562804
647,Printer,Electronics,Canon,12134.0,443,2026-08-06 16:39:46.582417,2026-08-06 16:39:46.582417
648,Laptop,Electronics,HP,1992.0,12,2026-08-06 16:39:47.472359,2026-08-06 16:39:47.472359
649,Monitor,Electronics,LG,94532.0,148,2026-08-06 16:39:48.432927,2026-08-06 16:39:48.432927
650,Smart Watch,Electronics,Apple,39450.0,147,2026-08-06 16:39:49.269216,2026-08-06 16:39:49.269216
651,Monitor,Electronics,LG,70090.0,55,2026-08-06 16:39:50.329512,2026-08-06 16:39:50.329512
652,Smart Watch,Electronics,Apple,14280.0,278,2026-08-06 16:39:51.402585,2026-08-06 16:39:51.402585
653,Smartphone,Electronics,Samsung,15605.0,419,2026-08-06 16:39:52.469012,2026-08-06 16:39:52.469012
654,Printer,Electronics,Canon,38700.0,114,2026-08-06 16:39:53.287790,2026-08-06 16:39:53.287790
655,Printer,Electronics,Canon,31912.0,495,2026-08-06 16:39:54.545212,2026-08-06 16:39:54.545212
656,Printer,Electronics,Canon,66094.0,344,2026-08-06 16:39:55.532233,2026-08-06 16:39:55.532233
657,Camera,Electronics,Nikon,10121.0,418,2026-08-06 16:39:56.437637,2026-08-06 16:39:56.437637
658,Tablet,Electronics,Lenovo,83477.0,433,2026-08-06 16:39:57.614117,2026-08-06 16:39:57.614117
659,Smartphone,Electronics,Samsung,94468.0,173,2026-08-06 16:39:58.587958,2026-08-06 16:39:58.587958
660,Smart Watch,Electronics,Apple,86144.0,330,2026-08-06 16:39:59.964632,2026-08-06 16:39:59.964632
661,Camera,Electronics,Nikon,82963.0,66,2026-08-06 16:40:00.817268,2026-08-06 16:40:00.817268
662,Smartphone,Electronics,Samsung,24956.0,406,2026-08-06 16:40:01.632355,2026-08-06 16:40:01.632355
663,Printer,Electronics,Canon,10175.0,410,2026-08-06 16:40:02.817183,2026-08-06 16:40:02.817183
664,Monitor,Electronics,LG,34542.0,431,2026-08-06 16:40:03.684724,2026-08-06 16:40:03.684724
665,Mouse,Accessories,Logitech,24911.0,426,2026-08-06 16:40:04.787797,2026-08-06 16:40:04.787797
666,Headphones,Accessories,Sony,74146.0,302,2026-08-06 16:40:05.852615,2026-08-06 16:40:05.852615
667,Headphones,Accessories,Sony,22229.0,173,2026-08-06 16:40:07.052325,2026-08-06 16:40:07.052325
668,Keyboard,Accessories,Dell,11259.0,57,2026-08-06 16:40:08.137380,2026-08-06 16:40:08.137380
669,Keyboard,Accessories,Dell,34819.0,294,2026-08-06 16:40:09.172445,2026-08-06 16:40:09.172445
670,Headphones,Accessories,Sony,66214.0,90,2026-08-06 16:40:10.172842,2026-08-06 16:40:10.172842
671,Mouse,Accessories,Logitech,13558.0,273,2026-08-06 16:40:11.252273,2026-08-06 16:40:11.252273
672,Laptop,Electronics,HP,20578.0,287,2026-08-06 16:40:12.257263,2026-08-06 16:40:12.257263
673,Smart Watch,Electronics,Apple,92564.0,254,2026-08-06 16:40:13.287569,2026-08-06 16:40:13.287569
674,Smart Watch,Electronics,Apple,8217.0,310,2026-08-06 16:40:14.522149,2026-08-06 16:40:14.522149
675,Keyboard,Accessories,Dell,62632.0,222,2026-08-06 16:40:15.285034,2026-08-06 16:40:15.285034
676,Headphones,Accessories,Sony,4539.0,70,2026-08-06 16:40:16.255117,2026-08-06 16:40:16.255117
677,Smart Watch,Electronics,Apple,8154.0,231,2026-08-06 16:40:17.297443,2026-08-06 16:40:17.297443
678,Printer,Electronics,Canon,3804.0,159,2026-08-06 16:40:18.732367,2026-08-06 16:40:18.732367
679,Camera,Electronics,Nikon,67123.0,121,2026-08-06 16:40:19.527010,2026-08-06 16:40:19.527010
680,Mouse,Accessories,Logitech,23242.0,399,2026-08-06 16:40:20.645098,2026-08-06 16:40:20.645098
681,Smart Watch,Electronics,Apple,80349.0,88,2026-08-06 16:40:21.632619,2026-08-06 16:40:21.632619
682,Tablet,Electronics,Lenovo,69559.0,59,2026-08-06 16:40:22.552510,2026-08-06 16:40:22.552510
683,Camera,Electronics,Nikon,12354.0,397,2026-08-06 16:40:23.576939,2026-08-06 16:40:23.576939
684,Monitor,Electronics,LG,95657.0,347,2026-08-06 16:40:24.913859,2026-08-06 16:40:24.913859
685,Printer,Electronics,Canon,40794.0,425,2026-08-06 16:40:25.777395,2026-08-06 16:40:25.777395
686,Headphones,Accessories,Sony,42774.0,422,2026-08-06 16:40:27.122200,2026-08-06 16:40:27.122200
687,Monitor,Electronics,LG,13269.0,63,2026-08-06 16:40:28.322039,2026-08-06 16:40:28.322039
688,Printer,Electronics,Canon,78550.0,294,2026-08-06 16:40:29.232671,2026-08-06 16:40:29.232671
689,Keyboard,Accessories,Dell,38077.0,272,2026-08-06 16:40:30.462722,2026-08-06 16:40:30.462722
690,Laptop,Electronics,HP,54749.0,85,2026-08-06 16:40:31.757073,2026-08-06 16:40:31.757073
691,Camera,Electronics,Nikon,3386.0,337,2026-08-06 16:40:32.734543,2026-08-06 16:40:32.734543
692,Tablet,Electronics,Lenovo,88490.0,492,2026-08-06 16:40:33.664760,2026-08-06 16:40:33.664760
693,Headphones,Accessories,Sony,42149.0,152,2026-08-06 16:40:34.682634,2026-08-06 16:40:34.682634
694,Mouse,Accessories,Logitech,66099.0,14,2026-08-06 16:40:35.772622,2026-08-06 16:40:35.772622
695,Laptop,Electronics,HP,95394.0,227,2026-08-06 16:40:36.787206,2026-08-06 16:40:36.787206
696,Tablet,Electronics,Lenovo,31974.0,357,2026-08-06 16:40:37.637297,2026-08-06 16:40:37.637297
697,Tablet,Electronics,Lenovo,38206.0,287,2026-08-06 16:40:38.719522,2026-08-06 16:40:38.719522
698,Monitor,Electronics,LG,64072.0,165,2026-08-06 16:40:39.645153,2026-08-06 16:40:39.645153
699,Tablet,Electronics,Lenovo,45996.0,291,2026-08-06 16:40:40.775496,2026-08-06 16:40:40.775496
700,Printer,Electronics,Canon,12741.0,139,2026-08-06 16:40:42.037246,2026-08-06 16:40:42.037246
701,Smartphone,Electronics,Samsung,50154.0,481,2026-08-06 16:40:43.099678,2026-08-06 16:40:43.099678
702,Camera,Electronics,Nikon,13047.0,271,2026-08-06 16:40:43.857688,2026-08-06 16:40:43.857688
703,Keyboard,Accessories,Dell,61434.0,399,2026-08-06 16:40:44.842481,2026-08-06 16:40:44.842481
704,Monitor,Electronics,LG,31321.0,457,2026-08-06 16:40:45.804865,2026-08-06 16:40:45.804865
705,Headphones,Accessories,Sony,86821.0,117,2026-08-06 16:40:46.740289,2026-08-06 16:40:46.740289
706,Tablet,Electronics,Lenovo,45187.0,377,2026-08-06 16:40:47.868054,2026-08-06 16:40:47.868054
707,Keyboard,Accessories,Dell,63093.0,494,2026-08-06 16:40:48.842538,2026-08-06 16:40:48.842538
708,Keyboard,Accessories,Dell,15397.0,289,2026-08-06 16:40:50.217647,2026-08-06 16:40:50.217647
709,Keyboard,Accessories,Dell,18623.0,430,2026-08-06 16:40:51.087081,2026-08-06 16:40:51.087081
710,Tablet,Electronics,Lenovo,72040.0,457,2026-08-06 16:40:52.107388,2026-08-06 16:40:52.107388
711,Laptop,Electronics,HP,13835.0,321,2026-08-06 16:40:53.362304,2026-08-06 16:40:53.362304
712,Headphones,Accessories,Sony,64806.0,204,2026-08-06 16:40:54.437325,2026-08-06 16:40:54.437325
713,Headphones,Accessories,Sony,1311.0,28,2026-08-06 16:40:55.657004,2026-08-06 16:40:55.657004
714,Headphones,Accessories,Sony,45267.0,350,2026-08-06 16:40:56.552381,2026-08-06 16:40:56.552381
715,Headphones,Accessories,Sony,83334.0,235,2026-08-06 16:40:57.662203,2026-08-06 16:40:57.662203
716,Smartphone,Electronics,Samsung,50492.0,203,2026-08-06 16:40:58.644812,2026-08-06 16:40:58.644812
717,Smartphone,Electronics,Samsung,9716.0,303,2026-08-06 16:40:59.792490,2026-08-06 16:40:59.792490
718,Laptop,Electronics,HP,5659.0,109,2026-08-06 16:41:00.730089,2026-08-06 16:41:00.730089
719,Monitor,Electronics,LG,62489.0,233,2026-08-06 16:41:01.587701,2026-08-06 16:41:01.587701
720,Monitor,Electronics,LG,58231.0,146,2026-08-06 16:41:02.554493,2026-08-06 16:41:02.554493
721,Smart Watch,Electronics,Apple,80070.0,370,2026-08-06 16:41:03.539722,2026-08-06 16:41:03.539722
722,Printer,Electronics,Canon,61872.0,205,2026-08-06 16:41:04.662592,2026-08-06 16:41:04.662592
723,Headphones,Accessories,Sony,28563.0,278,2026-08-06 16:41:05.777090,2026-08-06 16:41:05.777090
724,Tablet,Electronics,Lenovo,73956.0,215,2026-08-06 16:41:07.223961,2026-08-06 16:41:07.223961
725,Printer,Electronics,Canon,83106.0,240,2026-08-06 16:41:08.047809,2026-08-06 16:41:08.047809
726,Camera,Electronics,Nikon,88311.0,251,2026-08-06 16:41:09.213921,2026-08-06 16:41:09.213921
727,Monitor,Electronics,LG,23345.0,382,2026-08-06 16:41:10.057223,2026-08-06 16:41:10.057223
728,Mouse,Accessories,Logitech,4283.0,34,2026-08-06 16:41:11.204941,2026-08-06 16:41:11.204941
729,Camera,Electronics,Nikon,68227.0,209,2026-08-06 16:41:12.293787,2026-08-06 16:41:12.293787
730,Printer,Electronics,Canon,8178.0,355,2026-08-06 16:41:13.222874,2026-08-06 16:41:13.222874
731,Tablet,Electronics,Lenovo,90323.0,34,2026-08-06 16:41:14.470204,2026-08-06 16:41:14.470204
732,Tablet,Electronics,Lenovo,21730.0,196,2026-08-06 16:41:15.452224,2026-08-06 16:41:15.452224
733,Monitor,Electronics,LG,70431.0,500,2026-08-06 16:41:16.217812,2026-08-06 16:41:16.217812
734,Smart Watch,Electronics,Apple,40135.0,422,2026-08-06 16:41:17.172619,2026-08-06 16:41:17.172619
735,Camera,Electronics,Nikon,39720.0,122,2026-08-06 16:41:18.091967,2026-08-06 16:41:18.091967
736,Keyboard,Accessories,Dell,62269.0,427,2026-08-06 16:41:18.962596,2026-08-06 16:41:18.962596
737,Mouse,Accessories,Logitech,3520.0,245,2026-08-06 16:41:19.937754,2026-08-06 16:41:19.937754
738,Tablet,Electronics,Lenovo,61304.0,304,2026-08-06 16:41:20.927626,2026-08-06 16:41:20.927626
739,Keyboard,Accessories,Dell,9869.0,27,2026-08-06 16:41:21.912743,2026-08-06 16:41:21.912743
740,Smart Watch,Electronics,Apple,30658.0,25,2026-08-06 16:41:23.006952,2026-08-06 16:41:23.006952
741,Camera,Electronics,Nikon,15186.0,368,2026-08-06 16:41:24.003288,2026-08-06 16:41:24.003288
742,Keyboard,Accessories,Dell,41506.0,76,2026-08-06 16:41:25.074849,2026-08-06 16:41:25.074849
743,Monitor,Electronics,LG,21199.0,121,2026-08-06 16:41:26.187561,2026-08-06 16:41:26.187561
744,Camera,Electronics,Nikon,18915.0,116,2026-08-06 16:41:27.171936,2026-08-06 16:41:27.171936
745,Printer,Electronics,Canon,79336.0,152,2026-08-06 16:41:28.037443,2026-08-06 16:41:28.037443
746,Camera,Electronics,Nikon,96299.0,347,2026-08-06 16:41:28.792698,2026-08-06 16:41:28.792698
747,Headphones,Accessories,Sony,80124.0,296,2026-08-06 16:41:29.808972,2026-08-06 16:41:29.808972
748,Keyboard,Accessories,Dell,92061.0,11,2026-08-06 16:41:30.967737,2026-08-06 16:41:30.967737
749,Keyboard,Accessories,Dell,59897.0,134,2026-08-06 16:41:31.930646,2026-08-06 16:41:31.930646
750,Smartphone,Electronics,Samsung,69267.0,340,2026-08-06 16:41:33.029644,2026-08-06 16:41:33.029644
751,Tablet,Electronics,Lenovo,57611.0,53,2026-08-06 16:41:34.632918,2026-08-06 16:41:34.632918
752,Laptop,Electronics,HP,34226.0,34,2026-08-06 16:41:35.769761,2026-08-06 16:41:35.769761
753,Smart Watch,Electronics,Apple,21177.0,48,2026-08-06 16:41:36.759540,2026-08-06 16:41:36.759540
754,Smartphone,Electronics,Samsung,1966.0,470,2026-08-06 16:41:37.833842,2026-08-06 16:41:37.833842
755,Monitor,Electronics,LG,12155.0,360,2026-08-06 16:41:38.897089,2026-08-06 16:41:38.897089
756,Smartphone,Electronics,Samsung,80481.0,348,2026-08-06 16:41:39.857025,2026-08-06 16:41:39.857025
757,Mouse,Accessories,Logitech,83049.0,361,2026-08-06 16:41:40.817615,2026-08-06 16:41:40.817615
758,Laptop,Electronics,HP,84347.0,94,2026-08-06 16:41:41.827436,2026-08-06 16:41:41.827436
759,Smart Watch,Electronics,Apple,29959.0,295,2026-08-06 16:41:42.827813,2026-08-06 16:41:42.827813
760,Smartphone,Electronics,Samsung,7401.0,52,2026-08-06 16:41:44.092518,2026-08-06 16:41:44.092518
761,Smartphone,Electronics,Samsung,31146.0,430,2026-08-06 16:41:45.066980,2026-08-06 16:41:45.066980
762,Monitor,Electronics,LG,50477.0,59,2026-08-06 16:41:45.888865,2026-08-06 16:41:45.888865
763,Smartphone,Electronics,Samsung,58487.0,338,2026-08-06 16:41:46.927018,2026-08-06 16:41:46.927018
764,Keyboard,Accessories,Dell,84269.0,252,2026-08-06 16:41:47.907029,2026-08-06 16:41:47.907029
765,Laptop,Electronics,HP,32750.0,438,2026-08-06 16:41:48.795584,2026-08-06 16:41:48.795584
766,Tablet,Electronics,Lenovo,63789.0,178,2026-08-06 16:41:49.774738,2026-08-06 16:41:49.774738
767,Camera,Electronics,Nikon,36526.0,262,2026-08-06 16:41:50.849545,2026-08-06 16:41:50.849545
768,Laptop,Electronics,HP,83559.0,40,2026-08-06 16:41:52.022425,2026-08-06 16:41:52.022425
769,Camera,Electronics,Nikon,4896.0,494,2026-08-06 16:41:52.887282,2026-08-06 16:41:52.887282
770,Tablet,Electronics,Lenovo,63166.0,457,2026-08-06 16:41:53.980282,2026-08-06 16:41:53.980282
771,Smartphone,Electronics,Samsung,83016.0,420,2026-08-06 16:41:55.012540,2026-08-06 16:41:55.012540
772,Monitor,Electronics,LG,1461.0,368,2026-08-06 16:41:56.046999,2026-08-06 16:41:56.046999
773,Camera,Electronics,Nikon,12696.0,90,2026-08-06 16:41:56.987453,2026-08-06 16:41:56.987453
774,Tablet,Electronics,Lenovo,74573.0,205,2026-08-06 16:41:57.977309,2026-08-06 16:41:57.977309
775,Printer,Electronics,Canon,72470.0,361,2026-08-06 16:41:59.117304,2026-08-06 16:41:59.117304
776,Camera,Electronics,Nikon,7915.0,109,2026-08-06 16:42:00.292196,2026-08-06 16:42:00.292196
777,Smart Watch,Electronics,Apple,56671.0,267,2026-08-06 16:42:01.455104,2026-08-06 16:42:01.455104
778,Mouse,Accessories,Logitech,57816.0,453,2026-08-06 16:42:02.695383,2026-08-06 16:42:02.695383
779,Smartphone,Electronics,Samsung,86126.0,347,2026-08-06 16:42:03.810077,2026-08-06 16:42:03.810077
780,Mouse,Accessories,Logitech,71096.0,340,2026-08-06 16:42:05.083002,2026-08-06 16:42:05.083002
781,Camera,Electronics,Nikon,98310.0,370,2026-08-06 16:42:06.082876,2026-08-06 16:42:06.082876
782,Headphones,Accessories,Sony,83746.0,456,2026-08-06 16:42:06.992782,2026-08-06 16:42:06.992782
783,Keyboard,Accessories,Dell,70949.0,463,2026-08-06 16:42:08.118329,2026-08-06 16:42:08.118329
784,Tablet,Electronics,Lenovo,26487.0,460,2026-08-06 16:42:09.028583,2026-08-06 16:42:09.028583
785,Headphones,Accessories,Sony,31013.0,75,2026-08-06 16:42:10.050775,2026-08-06 16:42:10.050775
786,Smartphone,Electronics,Samsung,36547.0,401,2026-08-06 16:42:11.078105,2026-08-06 16:42:11.078105
787,Smartphone,Electronics,Samsung,17249.0,145,2026-08-06 16:42:11.978346,2026-08-06 16:42:11.978346
788,Smartphone,Electronics,Samsung,45234.0,246,2026-08-06 16:42:13.128127,2026-08-06 16:42:13.128127
789,Headphones,Accessories,Sony,66859.0,200,2026-08-06 16:42:14.620163,2026-08-06 16:42:14.620163
790,Smart Watch,Electronics,Apple,51411.0,22,2026-08-06 16:42:15.807876,2026-08-06 16:42:15.807876
791,Headphones,Accessories,Sony,9990.0,157,2026-08-06 16:42:16.906225,2026-08-06 16:42:16.906225
792,Monitor,Electronics,LG,28591.0,138,2026-08-06 16:42:17.788597,2026-08-06 16:42:17.788597
793,Tablet,Electronics,Lenovo,6482.0,412,2026-08-06 16:42:18.835400,2026-08-06 16:42:18.835400
794,Smartphone,Electronics,Samsung,21976.0,202,2026-08-06 16:42:19.863774,2026-08-06 16:42:19.863774
795,Smart Watch,Electronics,Apple,88713.0,374,2026-08-06 16:42:20.920188,2026-08-06 16:42:20.920188
796,Smartphone,Electronics,Samsung,82383.0,128,2026-08-06 16:42:22.068138,2026-08-06 16:42:22.068138
797,Keyboard,Accessories,Dell,19518.0,53,2026-08-06 16:42:23.122561,2026-08-06 16:42:23.122561
798,Headphones,Accessories,Sony,49760.0,253,2026-08-06 16:42:24.175443,2026-08-06 16:42:24.175443
799,Mouse,Accessories,Logitech,89056.0,77,2026-08-06 16:42:25.432605,2026-08-06 16:42:25.432605
800,Printer,Electronics,Canon,9153.0,230,2026-08-06 16:42:26.733158,2026-08-06 16:42:26.733158
801,Camera,Electronics,Nikon,15952.0,404,2026-08-06 16:42:28.412644,2026-08-06 16:42:28.412644
802,Headphones,Accessories,Sony,44994.0,325,2026-08-06 16:42:29.210085,2026-08-06 16:42:29.210085
803,Camera,Electronics,Nikon,7146.0,421,2026-08-06 16:42:30.323174,2026-08-06 16:42:30.323174
804,Smartphone,Electronics,Samsung,26121.0,496,2026-08-06 16:42:31.398508,2026-08-06 16:42:31.398508
805,Camera,Electronics,Nikon,15001.0,320,2026-08-06 16:42:32.282385,2026-08-06 16:42:32.282385
806,Keyboard,Accessories,Dell,87786.0,55,2026-08-06 16:42:33.219932,2026-08-06 16:42:33.219932
807,Smart Watch,Electronics,Apple,39582.0,277,2026-08-06 16:42:34.298193,2026-08-06 16:42:34.298193
808,Headphones,Accessories,Sony,4714.0,125,2026-08-06 16:42:35.615321,2026-08-06 16:42:35.615321
809,Tablet,Electronics,Lenovo,67043.0,478,2026-08-06 16:42:36.822537,2026-08-06 16:42:36.822537
810,Printer,Electronics,Canon,38547.0,452,2026-08-06 16:42:38.017349,2026-08-06 16:42:38.017349
811,Keyboard,Accessories,Dell,95863.0,116,2026-08-06 16:42:39.258206,2026-08-06 16:42:39.258206
812,Keyboard,Accessories,Dell,82342.0,420,2026-08-06 16:42:40.457852,2026-08-06 16:42:40.457852
813,Keyboard,Accessories,Dell,74212.0,108,2026-08-06 16:42:41.532656,2026-08-06 16:42:41.532656
814,Headphones,Accessories,Sony,5310.0,392,2026-08-06 16:42:42.750429,2026-08-06 16:42:42.750429
815,Smart Watch,Electronics,Apple,17091.0,55,2026-08-06 16:42:43.717491,2026-08-06 16:42:43.717491
816,Smartphone,Electronics,Samsung,84949.0,444,2026-08-06 16:42:45.038061,2026-08-06 16:42:45.038061
817,Smartphone,Electronics,Samsung,16845.0,446,2026-08-06 16:42:46.005802,2026-08-06 16:42:46.005802
818,Keyboard,Accessories,Dell,26317.0,295,2026-08-06 16:42:47.267923,2026-08-06 16:42:47.267923
819,Headphones,Accessories,Sony,16999.0,457,2026-08-06 16:42:48.874890,2026-08-06 16:42:48.874890
820,Keyboard,Accessories,Dell,92715.0,171,2026-08-06 16:42:50.015633,2026-08-06 16:42:50.015633
821,Camera,Electronics,Nikon,32957.0,418,2026-08-06 16:42:51.288309,2026-08-06 16:42:51.288309
822,Monitor,Electronics,LG,73451.0,210,2026-08-06 16:42:52.252733,2026-08-06 16:42:52.252733
823,Laptop,Electronics,HP,24132.0,368,2026-08-06 16:42:53.193154,2026-08-06 16:42:53.193154
824,Keyboard,Accessories,Dell,84618.0,186,2026-08-06 16:42:54.237784,2026-08-06 16:42:54.237784
825,Smartphone,Electronics,Samsung,10053.0,145,2026-08-06 16:42:55.338275,2026-08-06 16:42:55.338275
826,Smartphone,Electronics,Samsung,23084.0,305,2026-08-06 16:42:56.194496,2026-08-06 16:42:56.194496
827,Tablet,Electronics,Lenovo,40222.0,397,2026-08-06 16:42:57.255384,2026-08-06 16:42:57.255384
828,Laptop,Electronics,HP,97152.0,133,2026-08-06 16:42:59.594668,2026-08-06 16:42:59.594668
829,Smartphone,Electronics,Samsung,75912.0,171,2026-08-06 16:43:00.830282,2026-08-06 16:43:00.830282
830,Laptop,Electronics,HP,56919.0,497,2026-08-06 16:43:01.997940,2026-08-06 16:43:01.997940
831,Tablet,Electronics,Lenovo,55279.0,108,2026-08-06 16:43:03.127599,2026-08-06 16:43:03.127599
832,Mouse,Accessories,Logitech,83084.0,402,2026-08-06 16:43:04.015819,2026-08-06 16:43:04.015819
833,Smart Watch,Electronics,Apple,99710.0,142,2026-08-06 16:43:05.207762,2026-08-06 16:43:05.207762
834,Smart Watch,Electronics,Apple,75350.0,133,2026-08-06 16:43:06.948679,2026-08-06 16:43:06.948679
835,Smartphone,Electronics,Samsung,45247.0,484,2026-08-06 16:43:07.709994,2026-08-06 16:43:07.709994
836,Smartphone,Electronics,Samsung,61874.0,373,2026-08-06 16:43:08.762828,2026-08-06 16:43:08.762828
837,Tablet,Electronics,Lenovo,25872.0,216,2026-08-06 16:43:09.803482,2026-08-06 16:43:09.803482
838,Tablet,Electronics,Lenovo,17098.0,370,2026-08-06 16:43:10.894494,2026-08-06 16:43:10.894494
839,Smart Watch,Electronics,Apple,89430.0,315,2026-08-06 16:43:11.928808,2026-08-06 16:43:11.928808
840,Keyboard,Accessories,Dell,17677.0,409,2026-08-06 16:43:12.908203,2026-08-06 16:43:12.908203
841,Mouse,Accessories,Logitech,12523.0,202,2026-08-06 16:43:14.108136,2026-08-06 16:43:14.108136
842,Mouse,Accessories,Logitech,87622.0,89,2026-08-06 16:43:15.061022,2026-08-06 16:43:15.061022
843,Monitor,Electronics,LG,92441.0,197,2026-08-06 16:43:16.033364,2026-08-06 16:43:16.033364
844,Tablet,Electronics,Lenovo,26260.0,188,2026-08-06 16:43:16.897755,2026-08-06 16:43:16.897755
845,Smartphone,Electronics,Samsung,46816.0,174,2026-08-06 16:43:18.078437,2026-08-06 16:43:18.078437
846,Headphones,Accessories,Sony,40933.0,260,2026-08-06 16:43:19.203082,2026-08-06 16:43:19.203082
847,Tablet,Electronics,Lenovo,78196.0,438,2026-08-06 16:43:20.128172,2026-08-06 16:43:20.128172
848,Mouse,Accessories,Logitech,63678.0,80,2026-08-06 16:43:21.172895,2026-08-06 16:43:21.172895
849,Headphones,Accessories,Sony,87047.0,289,2026-08-06 16:43:22.258110,2026-08-06 16:43:22.258110
850,Laptop,Electronics,HP,73865.0,448,2026-08-06 16:43:23.157969,2026-08-06 16:43:23.157969
851,Smart Watch,Electronics,Apple,88292.0,49,2026-08-06 16:43:24.290014,2026-08-06 16:43:24.290014
852,Laptop,Electronics,HP,32760.0,73,2026-08-06 16:43:25.143201,2026-08-06 16:43:25.143201
853,Printer,Electronics,Canon,35725.0,263,2026-08-06 16:43:26.356047,2026-08-06 16:43:26.356047
854,Tablet,Electronics,Lenovo,49791.0,325,2026-08-06 16:43:27.598614,2026-08-06 16:43:27.598614
855,Monitor,Electronics,LG,23514.0,301,2026-08-06 16:43:28.503452,2026-08-06 16:43:28.503452
856,Headphones,Accessories,Sony,11482.0,207,2026-08-06 16:43:29.488277,2026-08-06 16:43:29.488277
857,Smartphone,Electronics,Samsung,78302.0,205,2026-08-06 16:43:30.345228,2026-08-06 16:43:30.345228
858,Printer,Electronics,Canon,44734.0,227,2026-08-06 16:43:31.587774,2026-08-06 16:43:31.587774
859,Smartphone,Electronics,Samsung,47249.0,144,2026-08-06 16:43:32.407666,2026-08-06 16:43:32.407666
860,Smartphone,Electronics,Samsung,25725.0,209,2026-08-06 16:43:33.243434,2026-08-06 16:43:33.243434
861,Tablet,Electronics,Lenovo,75078.0,217,2026-08-06 16:43:34.513197,2026-08-06 16:43:34.513197
862,Headphones,Accessories,Sony,12510.0,148,2026-08-06 16:43:35.513187,2026-08-06 16:43:35.513187
863,Monitor,Electronics,LG,37425.0,483,2026-08-06 16:43:37.148823,2026-08-06 16:43:37.148823
864,Smartphone,Electronics,Samsung,9202.0,435,2026-08-06 16:43:38.455505,2026-08-06 16:43:38.455505
865,Tablet,Electronics,Lenovo,62307.0,366,2026-08-06 16:43:40.033310,2026-08-06 16:43:40.033310
866,Tablet,Electronics,Lenovo,77476.0,472,2026-08-06 16:43:40.996065,2026-08-06 16:43:40.996065
867,Keyboard,Accessories,Dell,57195.0,498,2026-08-06 16:43:42.362695,2026-08-06 16:43:42.362695
868,Monitor,Electronics,LG,40434.0,415,2026-08-06 16:43:44.028277,2026-08-06 16:43:44.028277
869,Smart Watch,Electronics,Apple,88249.0,143,2026-08-06 16:43:45.868425,2026-08-06 16:43:45.868425
870,Keyboard,Accessories,Dell,73561.0,185,2026-08-06 16:43:46.974391,2026-08-06 16:43:46.974391
871,Smartphone,Electronics,Samsung,9778.0,251,2026-08-06 16:43:47.793494,2026-08-06 16:43:47.793494
872,Smartphone,Electronics,Samsung,32021.0,280,2026-08-06 16:43:48.677540,2026-08-06 16:43:48.677540
873,Tablet,Electronics,Lenovo,26863.0,134,2026-08-06 16:43:49.618063,2026-08-06 16:43:49.618063
874,Smart Watch,Electronics,Apple,43034.0,226,2026-08-06 16:43:50.627968,2026-08-06 16:43:50.627968
875,Camera,Electronics,Nikon,35158.0,181,2026-08-06 16:43:51.559927,2026-08-06 16:43:51.559927
876,Printer,Electronics,Canon,79570.0,472,2026-08-06 16:43:52.772900,2026-08-06 16:43:52.772900
877,Smartphone,Electronics,Samsung,91942.0,485,2026-08-06 16:43:53.880095,2026-08-06 16:43:53.880095
878,Printer,Electronics,Canon,98100.0,77,2026-08-06 16:43:54.828121,2026-08-06 16:43:54.828121
879,Printer,Electronics,Canon,92267.0,41,2026-08-06 16:43:56.352616,2026-08-06 16:43:56.352616
880,Laptop,Electronics,HP,3071.0,236,2026-08-06 16:43:57.600588,2026-08-06 16:43:57.600588
881,Camera,Electronics,Nikon,7834.0,127,2026-08-06 16:43:58.565399,2026-08-06 16:43:58.565399
882,Keyboard,Accessories,Dell,21971.0,328,2026-08-06 16:43:59.562967,2026-08-06 16:43:59.562967
883,Camera,Electronics,Nikon,36448.0,167,2026-08-06 16:44:00.650152,2026-08-06 16:44:00.650152
884,Mouse,Accessories,Logitech,89942.0,476,2026-08-06 16:44:01.837644,2026-08-06 16:44:01.837644
885,Smart Watch,Electronics,Apple,63564.0,242,2026-08-06 16:44:03.100511,2026-08-06 16:44:03.100511
886,Monitor,Electronics,LG,59805.0,381,2026-08-06 16:44:04.114903,2026-08-06 16:44:04.114903
887,Monitor,Electronics,LG,76170.0,172,2026-08-06 16:44:05.412977,2026-08-06 16:44:05.412977
888,Camera,Electronics,Nikon,54779.0,165,2026-08-06 16:44:06.425045,2026-08-06 16:44:06.425045
889,Smart Watch,Electronics,Apple,79551.0,267,2026-08-06 16:44:07.450227,2026-08-06 16:44:07.450227
890,Camera,Electronics,Nikon,58824.0,491,2026-08-06 16:44:08.485410,2026-08-06 16:44:08.485410
891,Printer,Electronics,Canon,37413.0,129,2026-08-06 16:44:09.513254,2026-08-06 16:44:09.513254
892,Headphones,Accessories,Sony,77304.0,211,2026-08-06 16:44:10.472980,2026-08-06 16:44:10.472980
893,Printer,Electronics,Canon,67141.0,489,2026-08-06 16:44:11.637943,2026-08-06 16:44:11.637943
894,Mouse,Accessories,Logitech,4447.0,443,2026-08-06 16:44:12.580189,2026-08-06 16:44:12.580189
895,Keyboard,Accessories,Dell,8674.0,408,2026-08-06 16:44:13.423211,2026-08-06 16:44:13.423211
896,Tablet,Electronics,Lenovo,78095.0,29,2026-08-06 16:44:14.467873,2026-08-06 16:44:14.467873
897,Mouse,Accessories,Logitech,88915.0,39,2026-08-06 16:44:15.549650,2026-08-06 16:44:15.549650
898,Laptop,Electronics,HP,39728.0,370,2026-08-06 16:44:16.813103,2026-08-06 16:44:16.813103
899,Laptop,Electronics,HP,84088.0,427,2026-08-06 16:44:18.135112,2026-08-06 16:44:18.135112
900,Laptop,Electronics,HP,24476.0,119,2026-08-06 16:44:19.404701,2026-08-06 16:44:19.404701
901,Camera,Electronics,Nikon,73683.0,479,2026-08-06 16:44:20.373212,2026-08-06 16:44:20.373212
902,Keyboard,Accessories,Dell,59862.0,160,2026-08-06 16:44:21.333250,2026-08-06 16:44:21.333250
903,Tablet,Electronics,Lenovo,61179.0,218,2026-08-06 16:44:22.248130,2026-08-06 16:44:22.248130
904,Tablet,Electronics,Lenovo,80098.0,318,2026-08-06 16:44:23.137932,2026-08-06 16:44:23.137932
905,Smart Watch,Electronics,Apple,78836.0,238,2026-08-06 16:44:24.197684,2026-08-06 16:44:24.197684
906,Tablet,Electronics,Lenovo,28954.0,454,2026-08-06 16:44:25.037987,2026-08-06 16:44:25.037987
907,Smart Watch,Electronics,Apple,79961.0,49,2026-08-06 16:44:26.135674,2026-08-06 16:44:26.135674
908,Tablet,Electronics,Lenovo,66417.0,324,2026-08-06 16:44:27.348091,2026-08-06 16:44:27.348091
909,Laptop,Electronics,HP,26079.0,433,2026-08-06 16:44:28.258601,2026-08-06 16:44:28.258601
910,Smartphone,Electronics,Samsung,34554.0,309,2026-08-06 16:44:29.353051,2026-08-06 16:44:29.353051
911,Headphones,Accessories,Sony,91407.0,93,2026-08-06 16:44:30.480876,2026-08-06 16:44:30.480876
912,Printer,Electronics,Canon,65564.0,479,2026-08-06 16:44:31.530260,2026-08-06 16:44:31.530260
913,Smartphone,Electronics,Samsung,89524.0,492,2026-08-06 16:44:32.558701,2026-08-06 16:44:32.558701
914,Laptop,Electronics,HP,60048.0,66,2026-08-06 16:44:33.583309,2026-08-06 16:44:33.583309
915,Monitor,Electronics,LG,68325.0,443,2026-08-06 16:44:34.508038,2026-08-06 16:44:34.508038
916,Printer,Electronics,Canon,49831.0,489,2026-08-06 16:44:35.652587,2026-08-06 16:44:35.652587
917,Mouse,Accessories,Logitech,27310.0,386,2026-08-06 16:44:36.848242,2026-08-06 16:44:36.848242
918,Mouse,Accessories,Logitech,3327.0,203,2026-08-06 16:44:37.882421,2026-08-06 16:44:37.882421
919,Laptop,Electronics,HP,30169.0,14,2026-08-06 16:44:39.073238,2026-08-06 16:44:39.073238
920,Printer,Electronics,Canon,17831.0,243,2026-08-06 16:44:40.025905,2026-08-06 16:44:40.025905
921,Laptop,Electronics,HP,62962.0,411,2026-08-06 16:44:40.900745,2026-08-06 16:44:40.900745
922,Smart Watch,Electronics,Apple,86368.0,209,2026-08-06 16:44:42.135852,2026-08-06 16:44:42.135852
923,Monitor,Electronics,LG,41449.0,37,2026-08-06 16:44:43.198165,2026-08-06 16:44:43.198165
924,Smart Watch,Electronics,Apple,94443.0,59,2026-08-06 16:44:44.362418,2026-08-06 16:44:44.362418
925,Mouse,Accessories,Logitech,16337.0,221,2026-08-06 16:44:45.375578,2026-08-06 16:44:45.375578
926,Mouse,Accessories,Logitech,79646.0,403,2026-08-06 16:44:46.521052,2026-08-06 16:44:46.521052
927,Smartphone,Electronics,Samsung,61108.0,423,2026-08-06 16:44:47.650128,2026-08-06 16:44:47.650128
928,Laptop,Electronics,HP,47445.0,256,2026-08-06 16:44:48.828271,2026-08-06 16:44:48.828271
929,Printer,Electronics,Canon,42651.0,196,2026-08-06 16:44:50.004785,2026-08-06 16:44:50.004785
930,Tablet,Electronics,Lenovo,88452.0,355,2026-08-06 16:44:51.328454,2026-08-06 16:44:51.328454
931,Mouse,Accessories,Logitech,69979.0,295,2026-08-06 16:44:52.215615,2026-08-06 16:44:52.215615
932,Headphones,Accessories,Sony,88387.0,32,2026-08-06 16:44:53.258536,2026-08-06 16:44:53.258536
933,Headphones,Accessories,Sony,88549.0,497,2026-08-06 16:44:54.398104,2026-08-06 16:44:54.398104
934,Monitor,Electronics,LG,75852.0,369,2026-08-06 16:44:55.645815,2026-08-06 16:44:55.645815
935,Smart Watch,Electronics,Apple,40553.0,308,2026-08-06 16:44:56.472741,2026-08-06 16:44:56.472741
936,Printer,Electronics,Canon,87355.0,119,2026-08-06 16:44:57.509884,2026-08-06 16:44:57.509884
937,Smart Watch,Electronics,Apple,12319.0,70,2026-08-06 16:44:58.665152,2026-08-06 16:44:58.665152
938,Printer,Electronics,Canon,70804.0,444,2026-08-06 16:44:59.817536,2026-08-06 16:44:59.817536
939,Mouse,Accessories,Logitech,89992.0,166,2026-08-06 16:45:01.053702,2026-08-06 16:45:01.053702
940,Smartphone,Electronics,Samsung,92906.0,333,2026-08-06 16:45:02.306242,2026-08-06 16:45:02.306242
941,Camera,Electronics,Nikon,47612.0,349,2026-08-06 16:45:03.383323,2026-08-06 16:45:03.383323
942,Monitor,Electronics,LG,83699.0,410,2026-08-06 16:45:04.938638,2026-08-06 16:45:04.938638
943,Keyboard,Accessories,Dell,98567.0,138,2026-08-06 16:45:05.873301,2026-08-06 16:45:05.873301
944,Monitor,Electronics,LG,93433.0,280,2026-08-06 16:45:07.275306,2026-08-06 16:45:07.275306
945,Smartphone,Electronics,Samsung,49187.0,210,2026-08-06 16:45:08.490902,2026-08-06 16:45:08.490902
946,Monitor,Electronics,LG,11913.0,157,2026-08-06 16:45:09.458685,2026-08-06 16:45:09.458685
947,Headphones,Accessories,Sony,99784.0,419,2026-08-06 16:45:10.442819,2026-08-06 16:45:10.442819
948,Camera,Electronics,Nikon,4813.0,225,2026-08-06 16:45:11.840207,2026-08-06 16:45:11.840207
949,Laptop,Electronics,HP,74949.0,436,2026-08-06 16:45:12.767619,2026-08-06 16:45:12.767619
950,Monitor,Electronics,LG,47130.0,87,2026-08-06 16:45:13.710261,2026-08-06 16:45:13.710261
951,Monitor,Electronics,LG,15669.0,278,2026-08-06 16:45:14.687368,2026-08-06 16:45:14.687368
952,Laptop,Electronics,HP,73054.0,368,2026-08-06 16:45:15.710403,2026-08-06 16:45:15.710403
953,Keyboard,Accessories,Dell,78872.0,349,2026-08-06 16:45:17.048164,2026-08-06 16:45:17.048164
954,Smartphone,Electronics,Samsung,74795.0,31,2026-08-06 16:45:18.035546,2026-08-06 16:45:18.035546
955,Keyboard,Accessories,Dell,1328.0,478,2026-08-06 16:45:19.165584,2026-08-06 16:45:19.165584
956,Printer,Electronics,Canon,92198.0,25,2026-08-06 16:45:20.370449,2026-08-06 16:45:20.370449
957,Camera,Electronics,Nikon,12257.0,426,2026-08-06 16:45:21.275456,2026-08-06 16:45:21.275456
958,Tablet,Electronics,Lenovo,78493.0,127,2026-08-06 16:45:22.418170,2026-08-06 16:45:22.418170
959,Printer,Electronics,Canon,64883.0,493,2026-08-06 16:45:23.370169,2026-08-06 16:45:23.370169
960,Keyboard,Accessories,Dell,6479.0,80,2026-08-06 16:45:24.353151,2026-08-06 16:45:24.353151
961,Mouse,Accessories,Logitech,66970.0,113,2026-08-06 16:45:25.560671,2026-08-06 16:45:25.560671
962,Smartphone,Electronics,Samsung,71106.0,497,2026-08-06 16:45:26.524899,2026-08-06 16:45:26.524899
963,Smart Watch,Electronics,Apple,55138.0,91,2026-08-06 16:45:27.558344,2026-08-06 16:45:27.558344
964,Mouse,Accessories,Logitech,81990.0,433,2026-08-06 16:45:28.756285,2026-08-06 16:45:28.756285
965,Tablet,Electronics,Lenovo,75427.0,235,2026-08-06 16:45:29.678155,2026-08-06 16:45:29.678155
966,Smartphone,Electronics,Samsung,16598.0,373,2026-08-06 16:45:30.887705,2026-08-06 16:45:30.887705
967,Keyboard,Accessories,Dell,14078.0,92,2026-08-06 16:45:32.015626,2026-08-06 16:45:32.015626
968,Keyboard,Accessories,Dell,64515.0,213,2026-08-06 16:45:33.103503,2026-08-06 16:45:33.103503
969,Camera,Electronics,Nikon,51288.0,455,2026-08-06 16:45:34.257687,2026-08-06 16:45:34.257687
970,Mouse,Accessories,Logitech,44242.0,64,2026-08-06 16:45:35.498679,2026-08-06 16:45:35.498679
971,Printer,Electronics,Canon,53742.0,166,2026-08-06 16:45:36.655268,2026-08-06 16:45:36.655268
972,Mouse,Accessories,Logitech,9817.0,287,2026-08-06 16:45:37.668192,2026-08-06 16:45:37.668192
973,Tablet,Electronics,Lenovo,30048.0,349,2026-08-06 16:45:39.067590,2026-08-06 16:45:39.067590
974,Camera,Electronics,Nikon,78176.0,106,2026-08-06 16:45:40.133217,2026-08-06 16:45:40.133217
975,Keyboard,Accessories,Dell,69059.0,46,2026-08-06 16:45:41.473722,2026-08-06 16:45:41.473722
976,Monitor,Electronics,LG,546.0,406,2026-08-06 16:45:42.672970,2026-08-06 16:45:42.672970
977,Keyboard,Accessories,Dell,50544.0,389,2026-08-06 16:45:43.893069,2026-08-06 16:45:43.893069
978,Tablet,Electronics,Lenovo,17002.0,266,2026-08-06 16:45:45.240185,2026-08-06 16:45:45.240185
979,Printer,Electronics,Canon,43994.0,455,2026-08-06 16:45:46.372895,2026-08-06 16:45:46.372895
980,Mouse,Accessories,Logitech,71579.0,301,2026-08-06 16:45:47.533193,2026-08-06 16:45:47.533193
981,Smartphone,Electronics,Samsung,21604.0,345,2026-08-06 16:45:48.493130,2026-08-06 16:45:48.493130
982,Laptop,Electronics,HP,21684.0,273,2026-08-06 16:45:49.798649,2026-08-06 16:45:49.798649
983,Tablet,Electronics,Lenovo,35193.0,343,2026-08-06 16:45:50.782475,2026-08-06 16:45:50.782475
984,Tablet,Electronics,Lenovo,45641.0,333,2026-08-06 16:45:52.210192,2026-08-06 16:45:52.210192
985,Smart Watch,Electronics,Apple,39673.0,183,2026-08-06 16:45:53.302410,2026-08-06 16:45:53.302410
986,Smart Watch,Electronics,Apple,57197.0,117,2026-08-06 16:45:54.622623,2026-08-06 16:45:54.622623
987,Smartphone,Electronics,Samsung,91061.0,473,2026-08-06 16:45:55.712615,2026-08-06 16:45:55.712615
988,Monitor,Electronics,LG,53231.0,38,2026-08-06 16:45:56.763256,2026-08-06 16:45:56.763256
989,Printer,Electronics,Canon,28147.0,270,2026-08-06 16:45:57.823205,2026-08-06 16:45:57.823205
990,Laptop,Electronics,HP,56974.0,27,2026-08-06 16:45:59.063264,2026-08-06 16:45:59.063264
991,Camera,Electronics,Nikon,99324.0,11,2026-08-06 16:46:00.347982,2026-08-06 16:46:00.347982
992,Camera,Electronics,Nikon,55765.0,83,2026-08-06 16:46:01.437755,2026-08-06 16:46:01.437755
993,Smartphone,Electronics,Samsung,75171.0,210,2026-08-06 16:46:02.364197,2026-08-06 16:46:02.364197
994,Tablet,Electronics,Lenovo,68023.0,390,2026-08-06 16:46:03.670354,2026-08-06 16:46:03.670354
995,Tablet,Electronics,Lenovo,89103.0,97,2026-08-06 16:46:04.868377,2026-08-06 16:46:04.868377
996,Keyboard,Accessories,Dell,33576.0,171,2026-08-06 16:46:05.953643,2026-08-06 16:46:05.953643
997,Tablet,Electronics,Lenovo,23588.0,30,2026-08-06 16:46:07.092384,2026-08-06 16:46:07.092384
998,Laptop,Electronics,HP,54259.0,219,2026-08-06 16:46:08.278762,2026-08-06 16:46:08.278762
999,Monitor,Electronics,LG,79128.0,358,2026-08-06 16:46:09.228911,2026-08-06 16:46:09.228911
1000,Laptop,Electronics,HP,52949.0,433,2026-08-06 16:46:10.302805,2026-08-06 16:46:10.302805
